time,open,high,low,close,EMA,EMA-based MA,Volume
1774897200,66587.05,66605.0,66168.98,66488.0,66488.0,0.0,763.28904511
1774900800,66482.82,66630.72,66449.26,66593.83,66496.4664,0.0,203.59617313
1774904400,66593.82,66944.02,66534.0,66747.22,66516.526688,0.0,232.53848755
1774908000,66746.54,66937.88,66625.01,66724.55,66533.16855296,0.0,216.82948173
1774911600,66724.49,66737.37,66344.96,66737.18,66549.48946872322,0.0,240.37307637
1774915200,66737.08,67238.17,66476.57,67151.76,66597.67111122535,0.0,438.39020743
1774918800,67151.75,68346.72,66993.04,67881.14,66700.34862232734,0.0,666.81683985
1774922400,67878.73,68046.08,67712.76,67888.83,66795.42713254115,0.0,204.84398963
1774926000,67888.74,67949.64,67581.98,67647.83,66863.61936193786,0.0,172.48945359
1774929600,67647.84,67808.58,67439.19,67482.49,66913.12901298284,0.0,267.15204696
1774933200,67482.49,67717.49,67293.55,67620.04,66969.68189194422,0.0,469.13444611
1774936800,67620.17,67643.62,67245.37,67434.14,67006.83854058868,0.0,344.32326216
1774940400,67434.13,67463.76,67041.21,67305.0,67030.69145734159,0.0,259.69331775
1774944000,67305.0,67435.2,66621.87,66709.45,67004.99214075426,0.0,289.94156278
1774947600,66709.45,66861.98,65924.82,66056.98,66929.15116949391,0.0,601.6701602
1774951200,66056.99,66415.16,66029.04,66301.19,66878.9142759344,0.0,256.18057139
1774954800,66301.2,66821.08,66174.33,66624.91,66858.59393385964,0.0,416.71420453
1774958400,66624.91,66884.0,66458.37,66589.88,66837.09681915087,0.0,376.57904775
1774962000,66589.89,67361.8,66589.89,67240.76,66869.3898736188,0.0,657.9625641
1774965600,67236.22,67709.59,66362.57,66515.98,66841.1170837293,0.0,1032.48469917
1774969200,66515.98,67227.36,66515.98,66676.78,66827.97011703096,0.0,641.64487182
1774972800,66676.78,67964.75,66665.39,67602.99,66889.97170766848,0.0,919.35159396
1774976400,67602.98,68518.1,67335.95,67461.57,66935.699571055,0.0,1369.12105248
1774980000,67461.57,67887.83,67456.2,67787.68,67003.8580053706,0.0,454.1309236
1774983600,67789.0,67970.73,67651.68,67772.92,67065.38296494095,0.0,684.68520157
1774987200,67772.92,68207.99,67762.7,68197.89,67155.98352774567,0.0,385.83353689
1774990800,68198.49,68346.63,67818.52,68216.0,67240.78484552602,0.0,318.90635007
1774994400,68216.0,68287.23,67894.38,68117.7,67310.93805788395,0.0,401.21078691
1774998000,68117.69,68310.13,68027.91,68221.85,67383.81101325323,0.0,202.3228136
1775001600,68221.84,68283.52,67798.23,68267.99,67454.54533219297,0.0,280.48668221
1775005200,68271.93,68299.0,67686.65,67729.15,67476.51370561753,0.0,389.92885225
1775008800,67726.78,67851.45,67525.59,67610.95,67487.26860916812,0.0,395.50366829
1775012400,67610.95,68180.15,67610.95,68097.76,67536.10792043468,0.0,369.46330016
1775016000,68104.66,68423.27,67945.78,68252.73,67593.43768679991,0.0,276.20232487
1775019600,68252.73,68703.55,68098.09,68398.07,67657.80827185592,0.0,289.13826114
1775023200,68398.06,69195.13,68396.19,69070.01,67770.78441010744,0.0,564.68194305
1775026800,69070.01,69285.99,68636.49,68660.97,67841.99925729886,0.0,342.42491231
1775030400,68660.96,68824.16,68424.11,68631.05,67905.12331671495,0.0,207.01296205
1775034000,68631.04,68707.2,68359.04,68622.89,67962.54465137776,0.0,136.51090604
1775037600,68623.98,68644.11,68386.76,68557.97,68010.17867926754,0.0,158.77756474
1775041200,68557.97,68717.12,68481.9,68690.42,68064.59798492613,0.0,210.41829416
1775044800,68687.29,68764.66,68211.6,68366.44,68088.74534613205,0.0,451.85916002
1775048400,68366.45,68664.58,67900.01,68095.2,68089.26171844148,0.0,716.06288786
1775052000,68095.19,68656.48,68033.96,68573.61,68128.00958096617,0.0,881.79282352
1775055600,68575.6,68948.33,68402.0,68901.73,68189.90721448888,0.0,609.40936105
1775059200,68900.32,68974.84,68593.1,68793.42,68238.18823732977,0.0,404.56843413
1775062800,68793.41,69156.3,68220.01,68243.61,68238.62197834339,0.0,548.06305767
1775066400,68242.8,68310.0,67920.0,68062.09,68224.49942007592,0.0,764.50808449
1775070000,68062.1,68286.53,68000.02,68162.03,68219.50186646986,0.0,649.12816627
1775073600,68160.0,68257.74,67951.05,68185.48,68216.78011715227,67631.81768297791,378.02363499
1775077200,68185.48,68525.0,68157.77,68356.33,68227.9441077801,67667.51028433969,316.94662073
1775080800,68356.32,68356.32,68065.98,68116.98,68219.0669791577,67701.49010096506,256.92822486
1775084400,68116.98,68249.51,67978.06,68112.35,68210.52962082508,67733.78405994669,206.81431794
1775088000,68112.34,68652.0,68046.25,68595.68,68241.34165115908,67765.95770409213,287.45181157
1775091600,68595.69,68595.69,67030.19,67354.17,68170.36791906635,67794.00832101966,1106.23915065
1775095200,67354.16,67354.16,66615.2,66855.05,68065.14248554104,67816.66117314201,585.72370072
1775098800,66855.05,66974.06,66500.0,66569.3,67945.47508669776,67833.4702281534,360.3300096
1775102400,66571.92,66648.16,66208.07,66322.59,67815.64427976194,67844.21130919525,436.24365416
1775106000,66322.59,66631.14,66300.0,66575.42,67716.42633738098,67850.26132022434,247.80396763
1775109600,66574.72,66808.42,66536.01,66672.37,67632.9018303905,67852.36699217501,181.90257295
1775113200,66672.42,66927.32,66547.52,66912.56,67575.27448395926,67851.6482404873,127.55979686
1775116800,66912.57,66912.57,66371.72,66429.65,67483.62452524253,67846.86039818948,217.20401435
1775120400,66429.65,66496.32,66275.18,66443.9,67400.44656322313,67838.4367252363,132.41554652
1775124000,66443.91,66492.66,66198.38,66448.33,67324.27723816529,67826.73601592326,170.77850081
1775127600,66448.33,66472.0,66140.71,66197.5,67234.13505911207,67811.24989951216,260.8142977
1775131200,66197.5,66231.99,65943.42,66034.18,67138.1386543831,67791.76001515903,322.30799745
1775134800,66039.55,66274.48,65696.96,66251.71,67067.22436203246,67769.2858649267,651.10144339
1775138400,66254.33,67100.0,66142.5,66853.77,67050.14801306986,67745.97842224236,864.05868909
1775142000,66853.77,66985.24,66630.0,66842.5,67033.53617202428,67721.85243583554,400.18620147
1775145600,66842.5,67300.0,66745.01,67085.29,67037.67647826234,67697.76007218438,407.29115698
1775149200,67084.0,67450.75,66655.0,66677.48,67008.86076000135,67672.38351613512,518.60085424
1775152800,66677.5,67077.77,66583.47,66982.43,67006.74629920124,67646.7821650404,404.30940971
1775156400,66982.44,67106.36,66870.0,66976.06,67004.29139526514,67620.99295528814,343.29746968
1775160000,66975.98,67097.8,66789.84,66939.27,66999.08968364394,67594.94595933569,237.67814533
1775163600,66939.26,67011.69,66720.0,66937.05,66994.12650895242,67568.70806894178,135.6640025
1775167200,66937.05,67043.72,66822.72,66986.0,66993.47638823623,67542.50057103427,214.02086576
1775170800,66986.0,67088.94,66843.72,66894.48,66985.55667717733,67516.10995280252,200.98703284
1775174400,66899.11,66995.0,66698.18,66783.81,66969.41694300315,67489.2865827744,187.77745292
1775178000,66784.54,66902.04,66484.64,66627.41,66942.0563875629,67461.65810948578,233.07765335
1775181600,66627.41,66751.15,66275.01,66526.6,66908.81987655787,67433.07271782497,259.39843809
1775185200,66527.91,66718.91,66479.99,66577.66,66882.32708643324,67403.87641318329,154.86942209
1775188800,66577.66,66689.99,66497.99,66601.5,66859.86091951859,67374.26511110901,88.11593367
1775192400,66601.5,66810.96,66410.01,66605.73,66839.5304459571,67344.34862002422,141.12517627
1775196000,66605.72,66796.49,66555.0,66791.93,66835.72241028053,67314.8291294811,107.36679225
1775199600,66791.93,67259.0,66752.51,67039.49,66852.02381745809,67286.54319629908,263.31627591
1775203200,67039.5,67287.9,66904.05,66969.0,66861.38191206145,67259.25623502654,141.26850656
1775206800,66969.0,67009.32,66742.64,66862.48,66861.46975909654,67232.68597559696,90.55304273
1775210400,66862.48,66899.95,66674.76,66878.29,66862.81537836882,67206.93752829431,72.39814861
1775214000,66878.29,67063.35,66817.8,67023.63,66875.68054809932,67182.5110938739,92.59907781
1775217600,67023.63,67375.7,66643.51,66725.31,66863.65090425138,67158.4653511483,284.75708503
1775221200,66725.32,66737.07,66510.0,66674.35,66848.50683191128,67134.7249607035,193.64017994
1775224800,66674.34,66996.79,66628.8,66921.99,66854.38548535838,67112.16890267075,226.27006049
1775228400,66921.99,67022.0,66803.66,66816.13,66851.32504652972,67090.46095281004,304.14526382
1775232000,66816.13,67066.5,66797.58,67001.77,66863.36064280734,67070.19591784014,260.20642193
1775235600,67001.77,67066.63,66754.17,66825.36,66860.32059138276,67050.80354668744,272.48799039
1775239200,66825.36,66926.39,66772.45,66805.99,66855.97414407214,67032.28353965833,158.90584151
1775242800,66806.0,66898.44,66755.04,66879.68,66857.87061254637,67014.92199342685,178.17235069
1775246400,66879.67,66911.99,66824.0,66828.0,66855.48096354266,66998.54967771741,145.11006905
1775250000,66827.99,66969.0,66820.03,66956.2,66863.53848645926,66983.56708326473,90.04781715
1775253600,66956.2,66968.52,66832.93,66885.05,66865.25940754253,66969.71547660355,107.98219356
1775257200,66880.81,66959.99,66820.01,66959.99,66872.83785493913,66957.22108020076,127.44847633
1775260800,66959.98,66961.5,66863.17,66897.84,66874.838026544,66945.86795033372,78.95017229
1775264400,66897.84,66924.47,66817.28,66850.5,66872.89098442049,66935.49276309134,99.27503098
1775268000,66850.49,66917.99,66804.11,66838.0,66870.09970566686,66926.05724227933,62.71101333
1775271600,66838.0,66895.5,66820.6,66830.06,66866.89652921351,66917.57159058326,53.02119431
1775275200,66830.06,66873.39,66770.64,66858.01,66866.18560687643,66910.08039008171,42.34518689
1775278800,66858.01,66928.49,66833.14,66914.67,66870.06435832632,66903.68165581636,130.09321009
1775282400,66914.68,67043.54,66896.95,67004.27,66880.80080966021,66898.547418253,91.06058077
1775286000,67004.27,67045.0,66928.69,67009.28,66891.0791448874,66894.54946322415,106.9917606
1775289600,67009.27,67055.0,66899.09,66937.65,66894.8048132964,66891.34494397014,62.78390338
1775293200,66937.65,66993.71,66910.0,66974.22,66901.15802823269,66888.96847002117,93.96485519
1775296800,66974.99,67163.1,66898.1,67158.01,66921.70618597408,66887.92652496848,83.19593505
1775300400,67158.01,67217.12,67070.01,67147.92,66939.80329109616,66888.03499057886,84.11042209
1775304000,67147.92,67173.74,67045.29,67084.98,66951.41742780848,66888.96020137177,47.43021793
1775307600,67084.98,67262.53,67069.98,67183.97,66970.0216335838,66890.90742792869,139.16638182
1775311200,67183.97,67214.0,67020.01,67199.8,66988.4039028971,66893.78267557676,139.19218853
1775314800,67199.8,67528.2,67175.62,67374.49,67019.29079066534,66897.9866127463,233.6511436
1775318400,67374.49,67513.45,67314.28,67358.99,67046.46672741212,66903.29386788348,169.99928864
1775322000,67361.82,67408.32,67276.45,67324.02,67068.67098921914,66909.47476566848,90.91568739
1775325600,67324.02,67374.0,67245.37,67284.05,67085.90131008161,66916.30380559148,64.00992871
1775329200,67284.05,67535.2,67265.0,67281.99,67101.58840527508,66923.71020232062,90.29789134
1775332800,67281.99,67291.5,67170.6,67267.48,67114.85973285307,66931.56431570361,116.66053489
1775336400,67267.48,67456.48,67200.0,67350.08,67133.67735422483,66940.07158017281,108.66419933
1775340000,67350.08,67463.75,67329.36,67395.98,67154.66156588684,66949.30027571977,94.76437135
1775343600,67395.98,67395.98,67244.0,67291.73,67165.62704061589,66958.83697272102,129.60795159
1775347200,67291.72,67300.25,67137.49,67199.99,67168.37607736661,66968.34696486412,110.41522353
1775350800,67200.0,67221.66,67062.24,67079.99,67161.3051911773,66977.44249112598,96.74162781
1775354400,67079.99,67171.98,66953.51,67157.96,67161.03757588312,66986.38968069864,92.82697485
1775358000,67157.96,67183.68,67077.04,67138.55,67159.23856981247,66995.1160303212,50.53627209
1775361600,67138.55,67181.99,67055.98,67085.1,67153.30748422748,67003.4394493857,41.35069953
1775365200,67084.93,67142.88,66883.25,66918.59,67134.53008548928,67010.83474488583,82.57372239
1775368800,66918.6,66931.2,66600.0,66786.0,67106.64767865014,67016.938806393,142.70521118
1775372400,66786.0,66901.79,66706.92,66808.57,67082.80146435814,67021.9141639992,77.80973199
1775376000,66808.56,66926.0,66802.69,66917.55,67069.58134720949,67026.18028484005,42.58551488
1775379600,66917.54,67037.97,66883.33,67017.85,67065.44283943274,67030.10069248422,56.37540515
1775383200,67018.2,67127.76,66950.01,67023.31,67062.07221227813,67033.72153120315,74.90113265
1775386800,67028.85,67092.0,66963.96,66990.35,67056.33443529588,67036.95995490298,67.66820916
1775390400,66990.34,66990.34,66669.24,66770.91,67033.50048047221,67039.15009435387,74.15746707
1775394000,66770.91,66905.32,66684.25,66878.54,67021.10364203445,67040.72021260949,58.25414154
1775397600,66878.54,66959.95,66806.0,66912.24,67012.39455067168,67041.8347405419,98.67422802
1775401200,66913.12,67812.0,66817.8,67291.57,67034.72858661796,67043.70845133778,399.15001262
1775404800,67291.53,67396.63,67144.51,67194.96,67047.54709968853,67045.93879264251,143.90320187
1775408400,67194.96,67386.3,67160.0,67346.72,67071.48093171345,67048.95621628995,115.84151778
1775412000,67348.91,67438.38,67246.63,67395.61,67097.41125717637,67052.81784416322,103.20378407
1775415600,67396.67,67538.48,67266.37,67350.84,67117.68555660226,67057.29097349291,169.70182832
1775419200,67350.84,67684.68,67314.25,67644.01,67159.79151207408,67063.213461888,173.3092639
1775422800,67644.01,67659.48,67397.4,67533.26,67189.66899110816,67070.06932799578,143.36917092
1775426400,67533.27,68354.25,67323.88,68320.43,67280.12987181952,67080.21244559926,730.93899378
1775430000,68320.42,69117.6,68241.61,69005.0,67418.11948207396,67095.43386250034,663.38415805
1775433600,69005.0,69561.0,69004.99,69065.2,67549.88592350805,67115.38762534344,543.17061422
1775437200,69065.2,69119.0,68761.46,68789.5,67649.05504962741,67138.69341155127,186.93894382
1775440800,68789.5,69388.0,68738.74,69194.96,67772.72744565722,67166.24029784287,305.76828728
1775444400,69191.64,69242.93,69037.92,69107.0,67879.46925000465,67197.26891025073,184.584603
1775448000,69107.02,69198.36,68952.0,69120.03,67978.71411000428,67231.40000480322,146.72211045
1775451600,69120.03,69226.92,69068.46,69180.0,68074.81698120394,67268.43033790917,75.16520359
1775455200,69179.99,69337.67,68790.97,68965.98,68146.11002270762,67307.30908797447,174.9558729
1775458800,68965.98,69197.03,68811.13,69100.0,68222.42122089102,67348.17657176005,89.80896314
1775462400,69101.74,69341.07,69064.94,69215.44,68301.86272321973,67391.09873652906,137.57511507
1775466000,69215.17,70271.25,69200.0,69735.03,68416.51610536216,67437.40255399888,879.10461122
1775469600,69735.03,69956.35,69700.01,69773.9,68525.10681693318,67486.76840960055,283.87085772
1775473200,69772.22,69772.22,69565.01,69619.77,68612.67987157854,67538.28983440113,148.32349867
1775476800,69620.0,69642.0,69323.88,69367.96,68673.10228185226,67590.83839541375,286.90978778
1775480400,69367.96,69562.38,69230.0,69427.53,68733.45649930408,67644.38014448654,526.79094908
1775484000,69427.53,69835.74,69150.37,69658.63,68807.47037935976,67699.41761182959,982.2695431
1775487600,69658.64,69989.99,69536.32,69975.89,68900.94394901098,67756.66498154988,1169.81155753
1775491200,69975.9,70378.48,69784.3,69818.63,68974.3588330901,67815.27691745726,1281.40980585
1775494800,69818.64,69851.12,69269.62,69577.77,69022.6317264429,67874.22429629599,845.86561605
1775498400,69577.77,69975.9,69477.83,69904.98,69093.21958832747,67934.36857878839,553.30945349
1775502000,69904.99,69917.04,69581.0,69732.99,69144.40122126127,67994.91468777944,699.21486856
1775505600,69727.98,69997.76,69615.2,69833.05,69199.49312356037,68055.99323981591,668.8189748
1775509200,69833.04,69837.4,69429.0,69516.47,69224.85127367555,68116.40851004241,149.53751848
1775512800,69516.46,69596.65,68810.19,68812.0,69191.8231717815,68173.86325637627,388.25303985
1775516400,68809.58,68912.87,68332.0,68853.61,69164.76611803898,68228.62795084657,474.17386066
1775520000,68853.6,69133.19,68727.86,68771.18,69133.27922859587,68280.56485454355,328.26166678
1775523600,68771.17,68900.0,68350.0,68403.98,69074.9352903082,68328.66190367026,328.39971138
1775527200,68403.98,68713.96,68270.41,68663.65,69042.03246708355,68373.97114933743,470.10577769
1775530800,68662.35,68801.0,68610.0,68777.67,69020.88346971688,68416.98148813554,214.62408989
1775534400,68777.68,68987.22,68540.43,68856.71,69007.74959213953,68458.01828014351,153.44311486
1775538000,68856.72,68869.32,68613.28,68655.07,68979.53522476838,68496.50022479087,160.74850869
1775541600,68655.07,68657.36,68434.41,68566.49,68946.4916067869,68532.25865763113,135.28621757
1775545200,68566.49,68707.06,68497.01,68610.29,68919.59547824395,68565.5559214128,106.8871861
1775548800,68610.28,68990.0,68591.34,68942.34,68921.41503998444,68597.5244892684,254.50457025
1775552400,68942.35,69256.41,68929.79,69150.35,68939.72983678569,68628.78793749948,224.04277455
1775556000,69150.36,69208.14,68172.7,68225.93,68882.62584984284,68656.35559928385,386.13905474
1775559600,68224.0,68450.72,68061.76,68328.81,68838.32058185541,68680.76380389016,223.21593474
1775563200,68332.52,68581.94,68062.9,68383.99,68801.97413530698,68702.35616530445,302.66390693
1775566800,68383.99,68633.63,68176.76,68221.38,68755.52660448242,68720.76242596244,467.94939982
1775570400,68221.36,68248.09,67750.0,67843.12,68682.53407612383,68734.97353478741,600.58066204
1775574000,67843.12,68272.75,67710.01,68152.71,68640.14815003393,68746.22909074952,545.14672329
1775577600,68152.71,69039.74,68060.31,68223.75,68606.83629803121,68754.90846074445,598.60084539
1775581200,68223.74,69000.0,68177.75,68694.66,68613.86219418871,68762.61281353196,412.26293724
1775584800,68694.66,68773.69,68336.0,68430.56,68599.19801865362,68768.5035644494,224.89601267
1775588400,68430.55,69083.82,68324.38,68993.62,68630.75177716133,68774.41473654835,488.54226473
1775592000,68998.45,69532.0,68998.45,69313.92,68685.40523498843,68781.24622397745,587.34190475
1775595600,69313.92,70200.0,69305.01,69923.37,68784.44241618935,68790.71603696121,832.24235066
1775599200,69923.36,71512.84,69923.36,71506.0,69002.16702289421,68807.41680953372,1374.0363039
1775602800,71505.99,72753.97,71174.31,71910.2,69234.80966106268,68831.79582241809,1736.8054044
1775606400,71910.21,72113.93,71536.12,71699.91,69432.01768817767,68862.30445152661,583.85383141
1775610000,71699.9,71753.06,71439.56,71465.98,69594.73467312346,68897.50638371821,264.47715947
1775613600,71468.34,71722.84,71233.98,71355.75,69735.61589927359,68936.52592070702,345.48630583
1775617200,71355.76,71484.9,71272.26,71286.0,69859.6466273317,68978.69510979556,194.37257335
1775620800,71285.99,71683.55,71272.38,71556.55,69995.39889714518,69024.45411999231,210.64588723
1775624400,71559.93,71830.04,71552.82,71730.91,70134.23978537356,69073.91459917724,169.73342475
1775628000,71730.91,71942.29,71576.21,71728.99,70261.81980254369,69126.6097688117,175.1204488
1775631600,71729.0,71914.12,71580.93,71641.01,70372.15501834019,69181.84113852245,184.35174213
1775635200,71641.02,71832.7,71636.0,71800.02,70486.38421687298,69239.75025089164,314.65959276
1775638800,71800.02,71962.24,71582.4,71674.21,70581.41027952314,69299.55036634972,180.26846729
1775642400,71674.21,71790.88,71441.77,71470.12,70652.50705716129,69360.28840323782,172.46901124
1775646000,71470.11,71743.85,71404.95,71690.4,70735.53849258838,69422.4389322337,181.21986008
1775649600,71693.1,72199.11,71578.53,72077.79,70842.91861318132,69486.98160526284,625.53478011
1775653200,72077.8,72861.38,71500.01,71602.39,70903.67632412682,69552.0890420183,1311.16343484
1775656800,71602.39,71750.67,70684.65,70901.42,70903.49581819668,69615.39254014703,1091.19781076
1775660400,70901.43,71356.5,70811.63,71309.99,70936.01535274094,69678.22198587646,647.67465325
1775664000,71310.0,71710.2,71252.0,71608.27,70989.79572452167,69741.43296865339,927.86381844
1775667600,71608.28,71972.26,71490.17,71903.97,71062.92966655994,69805.80032143564,1147.88469871
1775671200,71903.97,71903.98,71082.02,71101.98,71066.05369323514,69868.5945099953,721.50798425
1775674800,71101.76,71391.34,71008.53,71331.51,71087.29019777634,69930.58095766626,498.03842072
1775678400,71333.0,71500.0,71282.24,71387.32,71111.29258195424,69991.88933532748,261.15750261
1775682000,71387.32,71766.61,71336.75,71562.97,71147.42677539791,70053.0319378346,417.05170708
1775685600,71562.96,71584.44,71068.09,71068.09,71141.07983336608,70112.35464021961,250.15392821
1775689200,71068.1,71218.0,70903.5,71085.99,71136.6726466968,70169.9816986491,207.35382609
1775692800,71083.99,71146.92,70653.75,70813.81,71110.84363496106,70225.09638691404,228.34112737
1775696400,70813.8,70957.51,70468.74,70927.84,71096.20334416417,70278.13183203936,211.82664447
1775700000,70927.85,71200.0,70815.0,71066.55,71093.83107663103,70329.55939433895,198.57722255
1775703600,71066.56,71126.99,70851.26,70999.17,71086.25819050055,70379.15229298791,149.80752663
1775707200,70999.18,71023.87,70744.0,70791.99,71062.71673526052,70426.24448915673,117.56651579
1775710800,70792.32,71098.51,70690.95,70997.63,71057.50979643968,70471.54764123989,101.55377882
1775714400,70997.63,71096.0,70821.99,71041.44,71056.22421272451,70515.20302429365,102.46613905
1775718000,71041.43,71128.5,70960.97,70992.56,71051.13107570655,70557.05202972269,118.2120591
1775721600,70992.56,71391.25,70877.16,71260.01,71067.84138965003,70597.93156052136,176.53793263
1775725200,71260.0,71585.22,71114.18,71540.24,71105.63327847804,70638.62932242475,254.17840061
1775728800,71540.04,71548.49,71284.5,71284.51,71119.94341619979,70678.17372674841,134.36945428
1775732400,71284.51,71368.2,71055.81,71152.8,71122.57194290381,70716.09687456932,155.36100421
1775736000,71152.8,71330.31,71045.0,71290.07,71135.97178747151,70752.83347346653,228.44511618
1775739600,71290.08,71362.49,70623.2,70797.2,71108.87004447379,70786.73992876569,541.51317355
1775743200,70797.16,71261.99,70511.78,71132.04,71110.7236409159,70818.93825101345,752.07875336
1775746800,71132.04,72369.99,70928.0,72158.09,71194.51294964262,70852.61164457945,1637.49020054
1775750400,72158.09,72416.25,71744.44,72096.47,71266.66951367122,70887.20177685622,1396.19241524
1775754000,72096.47,72568.12,72086.0,72359.99,71354.13515257752,70923.19516129597,916.71364273
1775757600,72362.41,72394.0,71720.0,71890.12,71397.01394037133,70958.74144956876,420.52407009
1775761200,71890.12,72318.0,71750.0,72136.37,71456.16242514162,70994.41891164248,785.57696612
1775764800,72146.26,72475.14,71989.82,72430.01,71534.0702311303,71030.9223267111,484.1877705
1775768400,72430.0,72715.0,72154.0,72277.86,71593.57341263987,71067.4573393193,480.1161191
1775772000,72280.49,73147.81,71953.21,71953.22,71622.34513962868,71102.79687327179,656.32699332
1775775600,71953.22,72045.75,71558.46,71798.01,71636.3983284584,71136.38403039046,459.82510838
1775779200,71798.01,72034.48,71587.36,71977.66,71663.69926218172,71168.8049841945,278.95078588
1775782800,71976.01,72421.88,71680.01,72172.56,71704.40812120718,71200.73488757659,415.62520602
1775786400,72170.6,72304.19,71922.41,71968.13,71725.50587151061,71231.55521374695,249.47798749
1775790000,71968.61,72031.49,71818.27,71882.19,71738.04060178978,71261.06828370602,126.08786676
1775793600,71882.19,72230.69,71818.28,72125.99,71769.07655364659,71290.11742555855,173.95063128
1775797200,72125.99,72284.72,72016.89,72138.54,71798.63362935487,71318.7307973178,123.22021317
1775800800,72138.53,72194.4,71760.83,71809.58,71799.50933900647,71345.85773651277,113.76021172
1775804400,71806.87,71848.0,71437.39,71493.99,71775.06779188596,71370.61119508195,275.85653477
1775808000,71495.04,71774.22,71431.55,71611.98,71762.02076853509,71393.5660817499,171.11091588
1775811600,71611.98,71884.32,71599.01,71787.6,71764.0671070523,71415.42458877855,127.33965997
1775815200,71784.84,71947.95,71717.93,71917.27,71776.32333848812,71436.67203657822,91.68293337
1775818800,71917.28,72284.0,71910.13,72147.83,71806.04387140907,71458.07327851471,168.10390509
1775822400,72149.16,72476.22,72019.44,72273.05,71843.40436169635,71479.97914078255,291.82902405
1775826000,72273.02,72435.49,71899.6,72347.0,71883.69201276064,71502.53087383369,409.17539336
1775829600,72345.9,73200.0,72287.15,72953.12,71969.2462517398,71527.53716251523,1762.62262551
1775833200,72953.11,73339.39,72382.01,72482.98,72010.34495160061,71553.27177069048,912.29481106
1775836800,72482.99,73082.2,72410.0,73021.3,72091.22135547256,71581.3100271529,703.38066323
1775840400,73021.31,73184.16,72828.13,73152.07,72176.08924703475,71611.74488678458,622.92753474
1775844000,73152.07,73195.0,72907.59,73150.0,72254.00210727197,71644.26254572417,584.24437135
1775847600,73150.0,73314.59,72944.04,73286.01,72336.56273869022,71679.02634206625,1071.64068647
1775851200,73286.01,73477.87,73089.33,73400.01,72421.638519595,71716.12751564212,878.60925628
1775854800,73400.0,73400.01,72971.28,73222.7,72485.7234380274,71754.6786194888,167.1517258
1775858400,73225.01,73281.14,72802.0,72907.5,72519.46556298522,71793.45613353753,222.29993757
1775862000,72907.51,73000.0,72807.65,72997.88,72557.73871794641,71832.63010622708,125.20415121
1775865600,72997.88,72997.88,72818.98,72867.99,72582.55882051069,71871.67128925833,91.28758061
1775869200,72868.0,73040.3,72667.55,72998.0,72615.79411486983,71910.88524541179,118.31001357
1775872800,72998.0,73150.19,72941.28,73008.01,72647.17138568024,71950.16958750434,133.21543974
1775876400,73008.01,73118.19,72858.48,72909.53,72668.16007482584,71989.072052504,93.78122784
1775880000,72909.53,72998.13,72720.0,72849.03,72682.62966883977,72027.30904532329,162.58822714
1775883600,72849.04,72877.44,72712.21,72763.44,72689.0944953326,72064.55344420722,60.59037323
1775887200,72763.44,72811.29,72650.0,72803.28,72698.22933570598,72100.89894561183,96.14648758
1775890800,72803.28,72875.73,72706.96,72791.84,72705.71818884951,72136.25537255112,49.63920805
1775894400,72791.85,72844.02,72677.98,72701.16,72705.35353374155,72170.30478682547,50.6780851
1775898000,72701.17,72954.0,72668.04,72953.25,72725.18525104223,72203.83848074218,65.82201673
1775901600,72953.25,72958.06,72800.52,72882.26,72737.75123095885,72236.5519745181,34.09161813
1775905200,72882.26,72953.01,72856.94,72947.62,72754.54073248214,72268.6141469096,116.76303417
1775908800,72947.93,73023.19,72844.99,72972.81,72772.00227388358,72300.06782488231,86.31460512
1775912400,72972.81,72972.81,72564.35,72690.13,72765.4524919729,72329.96891622507,220.92868194
1775916000,72690.13,72809.64,72626.76,72742.56,72763.62109261508,72358.50965422118,88.59632723
1775919600,72742.57,72927.47,72709.94,72893.41,72774.00420520589,72386.1809854129,76.67584343
1775923200,72893.41,73247.97,72846.91,73076.42,72798.19746878941,72413.49508446222,125.83952274
1775926800,73076.42,73207.72,72976.7,73134.06,72825.06647128626,72440.53936099938,87.8487323
1775930400,73134.48,73749.0,73072.34,73586.02,72885.94275358337,72468.69207721746,293.57059084
1775934000,73586.02,73822.95,73504.32,73720.25,72952.6873332967,72498.19220970674,187.00362597
1775937600,73718.55,73727.26,73250.0,73333.21,72983.12914663296,72527.63237238118,151.42806197
1775941200,73333.2,73580.52,73236.98,73470.34,73022.10601490233,72557.35702776715,135.01256767
1775944800,73470.34,73602.51,73278.36,73410.49,73053.17673371015,72587.07195166344,145.24700009
1775948400,73410.48,73410.48,72952.33,73086.0,73055.80259501335,72615.69839443233,124.55707397
1775952000,73085.99,73151.97,72913.68,73112.65,73060.35038741228,72643.35633558362,84.70084342
1775955600,73112.67,73172.14,71294.05,71676.55,72949.6463564193,72665.54509493303,510.29520472
1775959200,71676.54,72002.88,71382.01,71791.75,72857.01464790576,72683.07123980897,312.84337184
1775962800,71791.75,71892.0,71621.55,71621.55,72758.17747607331,72695.78548352621,121.01658872
1775966400,71621.55,71718.27,71474.74,71503.61,72657.81207798744,72703.73734351079,107.32071561
1775970000,71503.61,71816.3,71442.91,71730.02,72583.58871174845,72708.0472626966,76.73237197
1775973600,71730.01,71781.02,71680.55,71689.0,72512.02161480857,72708.88745407303,53.30039934
1775977200,71689.0,71785.63,71619.94,71707.58,72447.6662856239,72706.6212050413,52.6394202
1775980800,71707.58,71818.16,71630.28,71664.18,72384.98738277398,72701.38791459879,43.97367662
1775984400,71664.19,71666.16,71541.33,71571.84,72319.93559215206,72693.14437507796,39.47678802
1775988000,71571.84,71716.76,71389.0,71486.54,72253.2639447799,72681.85891385603,65.5750894
1775991600,71486.53,71574.83,71444.0,71495.41,72192.63562919752,72667.81058286519,55.8579881
1775995200,71495.04,71537.65,71110.0,71116.92,72106.57837886173,72650.05132556932,151.60636759
1775998800,71116.92,71170.98,70889.41,70921.91,72011.80490855279,72628.31643803358,330.17144494
1776002400,70922.3,71124.05,70725.01,70774.68,71912.83491586856,72602.53899310854,226.94556599
1776006000,70774.68,70964.84,70631.46,70922.08,71833.57452259908,72573.59884213045,178.3990064
1776009600,70922.07,70992.7,70835.54,70962.38,71763.87896079116,72541.96483970119,119.21665545
1776013200,70963.51,71225.25,70926.96,71168.12,71716.21824392787,72508.62286193686,171.78422878
1776016800,71169.59,71244.66,71077.09,71163.59,71672.00798441363,72473.77783611919,128.8439041
1776020400,71163.57,71255.45,71081.42,71121.13,71627.93774566056,72437.53336044533,145.24938968
1776024000,71121.12,71467.17,70979.45,71364.9,71606.89472600771,72400.89359106068,183.34593538
1776027600,71364.9,71478.37,71187.99,71393.04,71589.78634792709,72364.09044008957,151.47079357
1776031200,71391.19,71392.57,70512.7,70912.75,71535.62344009292,72325.74896049024,870.49949703
1776034800,70912.75,70912.75,70573.2,70755.35,71473.20156488549,72285.65447800397,261.77664274
1776038400,70755.35,71286.46,70616.81,71192.38,71450.73583969465,72245.47312148915,253.45162538
1776042000,71191.32,71249.19,71031.7,71209.06,71431.40177251908,72205.37178565237,179.74079708
1776045600,71209.06,71288.0,70998.25,71094.12,71404.41923071755,72165.09571244723,110.72556557
1776049200,71095.99,71165.75,70931.93,70998.24,71371.92489226015,72124.46938251029,130.9905614
1776052800,70995.48,71163.84,70874.04,70913.71,71335.26770087934,72083.38109936044,147.28653971
1776056400,70913.71,70943.04,70689.12,70904.06,71300.77108480899,72041.96895180378,138.39160059
1776060000,70904.07,71134.02,70898.04,71050.58,71280.75579802429,72000.8443529928,153.75623078
1776063600,71050.58,71097.6,70698.01,70842.01,71245.65613418234,71959.44280569456,158.35609211
1776067200,70842.01,70890.09,70576.27,70693.85,71201.51164344775,71917.44221041547,122.38145185
1776070800,70693.85,70923.07,70689.12,70805.99,71169.86991197194,71875.37465915087,88.72192056
1776074400,70805.99,70867.85,70695.85,70767.62,71137.68991901418,71833.24973426192,89.31756582
1776078000,70769.99,71011.35,70750.0,70942.98,71122.11312549305,71791.7434948151,148.18646481
1776081600,70943.03,71250.0,70762.64,71088.5,71119.42407545361,71751.38911389656,327.61650628
1776085200,71091.25,71714.82,70831.95,71683.38,71164.54054941733,71714.07328266719,1667.77209474
1776088800,71683.37,72479.99,71439.5,72450.0,71267.37730546395,71682.03732436754,2176.50589883
1776092400,72447.76,72515.42,71678.68,71894.19,71317.52232102683,71653.14793528088,1719.03500846
1776096000,71894.19,72486.57,71705.63,72250.0,71392.12053534469,71628.31959787018,1265.76850401
1776099600,72250.0,72633.75,72108.14,72202.02,71456.91249251712,71607.10780823664,1308.31224978
