time,open,high,low,close,Volume
1774894500,66752.4,66796.1,66517.85,66639.17,116.16874071
1774895400,66639.2,66768.0,66514.15,66676.44,90.10715648
1774896300,66676.44,66730.5,66450.0,66590.16,76.26562197
1774897200,66587.05,66605.0,66233.0,66359.29,176.1247423
1774898100,66359.29,66398.0,66168.98,66247.7,243.83199046
1774899000,66247.7,66341.51,66181.47,66277.1,114.73753531
1774899900,66277.1,66504.99,66225.13,66488.0,228.59477704
1774900800,66482.82,66630.72,66449.26,66534.01,86.87357857
1774901700,66534.02,66612.96,66489.96,66594.45,44.52017152
1774902600,66594.45,66618.72,66493.45,66599.81,33.46790289
1774903500,66599.82,66614.27,66550.0,66593.83,38.73452015
1774904400,66593.82,66747.12,66534.0,66729.97,54.37514317
1774905300,66727.45,66944.02,66715.76,66799.2,86.39135693
1774906200,66799.2,66943.63,66761.76,66871.47,49.74238294
1774907100,66872.98,66890.08,66730.56,66747.22,42.02960451
1774908000,66746.54,66937.88,66637.83,66712.67,91.80774668
1774908900,66712.66,66839.76,66658.83,66761.77,64.67391044
1774909800,66761.77,66805.15,66686.89,66771.13,20.36239861
1774910700,66771.12,66790.0,66625.01,66724.55,39.985426
1774911600,66724.49,66733.63,66344.96,66486.88,126.02014647
1774912500,66486.88,66662.6,66462.25,66644.5,48.47886371
1774913400,66644.52,66720.0,66600.76,66700.67,41.05585908
1774914300,66700.69,66737.37,66652.57,66737.18,24.81820711
1774915200,66737.08,66767.98,66487.5,66594.01,67.49289951
1774916100,66594.02,66766.97,66476.57,66757.98,72.60083703
1774917000,66758.02,66902.16,66703.43,66885.19,123.05358867
1774917900,66885.18,67238.17,66880.01,67151.76,175.24288222
1774918800,67151.75,67232.88,66993.04,67173.61,60.50630654
1774919700,67175.01,67828.51,67175.0,67724.6,190.77563761
1774920600,67725.84,68346.72,67675.93,67872.8,330.62644433
1774921500,67875.16,67996.49,67760.0,67881.14,84.90845137
1774922400,67878.73,67918.78,67712.76,67849.92,64.41842331
1774923300,67856.88,68046.08,67853.99,67985.99,46.66039463
1774924200,67986.0,68009.0,67780.38,67928.65,48.46315974
1774925100,67928.64,68032.48,67847.52,67888.83,45.30201195
1774926000,67888.74,67949.64,67734.5,67859.41,39.06470973
1774926900,67859.41,67916.16,67744.64,67787.09,41.23026058
1774927800,67787.08,67867.87,67581.98,67666.56,51.45951547
1774928700,67666.56,67704.0,67588.56,67647.83,40.73496781
1774929600,67647.84,67732.07,67520.23,67613.73,70.90303823
1774930500,67616.64,67808.58,67439.19,67533.61,76.45747586
1774931400,67533.57,67600.49,67457.54,67534.76,46.49049039
1774932300,67535.7,67628.97,67448.17,67482.49,73.30104248
1774933200,67482.49,67556.98,67293.55,67360.0,143.90394358
1774934100,67360.81,67599.14,67332.74,67563.2,115.92918868
1774935000,67563.19,67660.0,67461.71,67607.28,159.74252775
1774935900,67607.28,67717.49,67594.0,67620.04,49.5587861
1774936800,67620.17,67643.62,67400.0,67418.92,86.71553388
1774937700,67418.92,67448.96,67245.37,67341.93,95.74249503
1774938600,67341.92,67416.72,67280.63,67351.45,130.87984711
1774939500,67351.45,67472.99,67351.45,67434.14,30.98538614
1774940400,67434.13,67463.76,67175.47,67239.13,48.71283774
1774941300,67239.13,67254.09,67041.21,67232.8,93.39755072
1774942200,67226.04,67311.3,67142.85,67266.48,55.79360818
1774943100,67266.49,67376.81,67241.86,67305.0,61.78932111
1774944000,67305.0,67435.2,67163.01,67294.24,56.85202713
1774944900,67294.09,67384.48,67217.86,67247.7,37.06777428
1774945800,67247.64,67247.7,66742.39,66779.99,97.91685858
1774946700,66780.0,66862.32,66621.87,66709.45,98.10490279
1774947600,66709.45,66861.98,66522.0,66635.53,127.59753309
1774948500,66635.87,66651.72,66281.0,66363.29,149.65788847
1774949400,66364.2,66463.47,66331.45,66440.83,171.68746026
1774950300,66440.84,66451.48,65924.82,66056.98,152.72727838
1774951200,66056.99,66331.44,66029.04,66311.29,54.80602327
1774952100,66311.29,66406.95,66283.96,66321.98,54.32706426
1774953000,66321.98,66369.74,66172.0,66215.44,102.0046032
1774953900,66215.44,66415.16,66179.76,66301.19,45.04288066
1774954800,66301.2,66514.28,66174.33,66507.77,96.22605696
1774955700,66507.84,66821.08,66465.7,66583.81,170.09308415
1774956600,66583.81,66775.09,66574.71,66665.1,100.51867582
1774957500,66664.7,66664.76,66501.75,66624.91,49.8763876
1774958400,66624.91,66737.68,66504.43,66514.05,101.5696122
1774959300,66515.62,66770.0,66458.37,66735.47,89.94921271
1774960200,66735.46,66884.0,66659.28,66839.65,111.10034979
1774961100,66840.89,66861.91,66583.8,66589.88,73.95987305
1774962000,66589.89,66780.88,66589.89,66760.01,64.15024208
1774962900,66760.01,66890.28,66690.62,66739.53,54.96786576
1774963800,66739.53,67131.99,66670.79,66908.24,231.91953055
1774964700,66908.25,67361.8,66908.25,67240.76,306.92492571
1774965600,67236.22,67493.41,67053.94,67278.41,261.91586719
1774966500,67276.63,67709.59,67260.11,67672.47,298.22065568
1774967400,67672.46,67698.01,67011.47,67151.99,188.02335829
1774968300,67151.99,67156.96,66362.57,66515.98,284.32481801
1774969200,66515.98,67225.0,66515.98,67178.82,214.79290228
1774970100,67178.01,67227.36,66831.04,66900.3,141.87522545
1774971000,66900.28,67102.2,66816.0,66874.01,124.71914155
1774971900,66874.02,67003.47,66631.1,66676.78,160.25760254
1774972800,66676.78,66936.72,66665.39,66859.34,130.79846281
1774973700,66856.09,67134.45,66849.57,67030.14,133.10873054
1774974600,67030.0,67964.75,66900.02,67716.06,334.77621518
1774975500,67714.04,67841.85,67421.17,67602.99,320.66818543
1774976400,67602.98,68426.14,67511.0,68371.97,405.88444559
1774977300,68371.97,68518.1,67918.84,67964.1,443.38946246
1774978200,67964.09,68058.9,67553.06,67653.28,211.18944554
1774979100,67654.65,67713.46,67335.95,67461.57,308.65769889
1774980000,67461.57,67726.39,67456.2,67706.95,145.06970081
1774980900,67706.95,67887.83,67566.77,67716.0,105.8802853
1774981800,67711.37,67833.29,67579.83,67764.77,88.15390818
1774982700,67765.11,67882.77,67677.45,67787.68,115.02702931
1774983600,67789.0,67969.08,67778.67,67935.49,234.93804833
1774984500,67935.49,67970.73,67792.67,67818.34,113.29675237
1774985400,67818.35,67877.85,67651.68,67770.58,119.09344325
1774986300,67770.57,67906.66,67664.57,67772.92,217.35695762
1774987200,67772.92,68135.82,67762.7,68075.03,98.69611224
1774988100,68074.83,68103.59,67869.95,67935.52,73.14212819
1774989000,67935.52,68068.5,67882.99,67984.98,95.41104807
1774989900,67984.97,68207.99,67953.6,68197.89,118.58424839
1774990800,68198.49,68202.01,67893.42,67950.26,106.03474678
1774991700,67950.26,67996.19,67818.52,67966.49,48.39766275
1774992600,67966.49,68114.05,67957.96,68105.16,60.22264324
1774993500,68105.58,68346.63,68093.86,68216.0,104.2512973
1774994400,68216.0,68287.23,67987.31,68146.42,174.23151254
1774995300,68143.97,68228.54,68029.68,68055.77,120.45078428
1774996200,68055.76,68185.59,67894.38,68117.89,71.38606643
1774997100,68117.89,68164.47,68045.99,68117.7,35.14242366
1774998000,68117.69,68226.62,68027.91,68159.44,58.52106924
1774998900,68159.44,68310.13,68114.45,68200.02,56.12061962
1774999800,68200.01,68299.45,68177.84,68244.86,39.95500567
1775000700,68244.85,68274.35,68146.0,68221.85,47.72611907
1775001600,68221.84,68221.84,67967.8,67983.35,74.80760471
1775002500,67983.35,68150.0,67847.81,67943.98,90.12384734
1775003400,67943.99,68002.5,67798.23,68002.5,38.32093176
1775004300,68002.5,68283.52,67964.49,68267.99,77.2342984
1775005200,68271.93,68299.0,68091.62,68207.62,86.02698155
1775006100,68207.62,68207.62,67963.94,67985.25,89.71015845
1775007000,67985.25,68037.0,67729.58,67901.51,116.17392974
1775007900,67901.99,67902.54,67686.65,67729.15,98.01778251
1775008800,67726.78,67850.22,67652.16,67783.95,105.12510013
1775009700,67783.94,67851.45,67558.19,67580.48,128.29294763
1775010600,67580.48,67675.8,67525.59,67595.34,92.53263611
1775011500,67595.34,67678.5,67540.68,67610.95,69.55298442
1775012400,67610.95,68046.76,67610.95,67928.18,116.4969141
1775013300,67928.17,67972.49,67864.99,67916.99,63.04646428
1775014200,67916.99,68025.67,67847.39,68004.0,95.41300833
1775015100,68004.01,68180.15,68004.01,68097.76,94.50691345
1775016000,68104.66,68200.0,67945.78,68013.39,91.95084278
1775016900,68013.39,68164.1,67977.53,68094.73,73.47950368
1775017800,68094.37,68224.0,68042.73,68166.65,22.4729022
1775018700,68166.65,68423.27,68145.05,68252.73,88.29907621
1775019600,68252.73,68374.21,68098.09,68344.67,58.57611169
1775020500,68344.67,68703.55,68300.26,68531.64,123.84324169
1775021400,68531.64,68596.49,68417.63,68450.23,62.03928242
1775022300,68450.23,68507.81,68389.99,68398.07,44.67962534
1775023200,68398.06,68648.96,68396.19,68594.23,96.41664111
1775024100,68594.23,68848.79,68553.16,68812.13,142.57948715
1775025000,68812.13,69195.13,68759.92,69165.83,217.98623347
1775025900,69165.82,69190.06,68987.17,69070.01,107.69958132
1775026800,69070.01,69285.99,69070.01,69146.22,123.11948449
1775027700,69146.21,69153.0,68828.0,68867.76,86.98855166
1775028600,68867.76,68964.29,68822.96,68867.68,66.78215469
1775029500,68867.68,68893.49,68636.49,68660.97,65.53472147
1775030400,68660.96,68748.84,68478.94,68499.59,71.02825741
1775031300,68499.57,68721.99,68424.11,68711.52,53.06493332
1775032200,68711.76,68824.16,68689.27,68745.99,47.19523694
1775033100,68746.06,68768.0,68524.97,68631.05,35.72453438
1775034000,68631.04,68707.2,68420.0,68466.56,43.8816578
1775034900,68466.62,68539.49,68359.04,68536.54,32.32509645
1775035800,68533.13,68593.5,68383.53,68456.53,29.0749169
1775036700,68457.48,68674.49,68457.48,68622.89,31.22923489
1775037600,68623.98,68644.11,68478.76,68486.08,35.47423226
1775038500,68479.22,68614.55,68465.12,68497.07,46.28855263
1775039400,68496.68,68559.03,68386.76,68474.55,31.8629187
1775040300,68474.55,68611.54,68410.0,68557.97,45.15186115
1775041200,68557.97,68640.55,68481.9,68598.39,40.1097034
1775042100,68598.4,68630.99,68484.17,68536.47,68.04973642
1775043000,68536.48,68620.0,68509.02,68587.46,63.67382262
1775043900,68587.41,68717.12,68568.5,68690.42,38.58503172
1775044800,68687.29,68704.51,68449.69,68554.91,59.56813754
1775045700,68554.91,68650.0,68484.17,68495.59,62.29021031
1775046600,68495.28,68722.36,68211.6,68626.2,187.22595655
1775047500,68626.28,68764.66,68320.96,68366.44,142.77485562
1775048400,68366.45,68417.12,68121.34,68405.67,98.25212048
1775049300,68404.95,68574.0,68398.95,68530.79,90.09294958
1775050200,68533.02,68664.58,67909.0,68079.83,305.72130245
1775051100,68079.75,68261.38,67900.01,68095.2,221.99651535
1775052000,68095.19,68290.0,68033.96,68243.99,174.96539369
1775052900,68243.99,68503.25,68195.98,68501.01,285.55011841
1775053800,68501.0,68620.0,68216.61,68375.36,266.91275336
1775054700,68378.08,68656.48,68320.0,68573.61,154.36455806
1775055600,68575.6,68655.52,68433.12,68465.8,160.91560807
1775056500,68463.42,68888.57,68402.0,68729.59,168.27849235
1775057400,68727.9,68870.0,68641.92,68741.03,132.38754158
1775058300,68741.02,68948.33,68741.02,68901.73,147.82771905
1775059200,68900.32,68919.35,68628.3,68655.51,92.54481339
1775060100,68655.52,68924.0,68593.1,68850.0,85.19709203
1775061000,68850.0,68974.84,68693.61,68925.73,145.97800691
1775061900,68925.74,68932.63,68790.07,68793.42,80.8485218
1775062800,68793.41,69156.3,68712.65,68733.57,155.78090918
1775063700,68733.57,68780.63,68468.0,68505.88,84.7958222
1775064600,68505.88,68527.31,68277.44,68408.7,166.22063623
1775065500,68408.7,68428.0,68220.01,68243.61,141.26569006
1775066400,68242.8,68274.72,67920.0,68062.57,250.74115323
1775067300,68062.57,68149.99,67964.65,68069.3,178.21194575
1775068200,68069.3,68310.0,68005.59,68205.13,156.8327034
1775069100,68205.13,68210.08,67968.01,68062.09,178.72228211
1775070000,68062.1,68227.09,68035.16,68038.09,164.42464398
1775070900,68038.08,68250.01,68000.02,68250.01,160.92323009
1775071800,68251.97,68273.6,68038.34,68141.58,142.10520602
1775072700,68141.57,68286.53,68095.2,68162.03,181.67508618
1775073600,68160.0,68182.02,67993.53,68071.9,121.872267
1775074500,68073.71,68165.89,68008.34,68045.96,108.89213362
1775075400,68045.97,68176.09,67951.05,68164.48,70.0933313
1775076300,68161.64,68257.74,68130.01,68185.48,77.16590307
1775077200,68185.48,68368.33,68157.77,68284.77,105.45831282
1775078100,68284.77,68525.0,68269.28,68429.94,93.38669556
1775079000,68429.94,68511.32,68312.8,68337.34,61.40958543
1775079900,68339.96,68459.68,68249.94,68356.33,56.69202692
1775080800,68356.32,68356.32,68136.56,68213.36,84.83331477
1775081700,68212.17,68268.81,68065.98,68182.25,66.71095855
1775082600,68182.25,68300.0,68127.8,68235.76,69.39189444
1775083500,68233.92,68257.12,68073.45,68116.98,35.9920571
1775084400,68116.98,68249.51,68116.98,68188.16,63.45042531
1775085300,68188.17,68188.17,68072.0,68112.48,54.90832898
1775086200,68112.48,68173.12,67978.06,68100.59,56.29228903
1775087100,68100.59,68171.04,68056.6,68112.35,32.16327462
1775088000,68112.34,68227.09,68046.25,68205.01,57.58506121
1775088900,68205.01,68271.52,68130.56,68206.02,56.84030881
1775089800,68206.01,68523.8,68193.13,68523.8,99.68067807
1775090700,68521.4,68652.0,68419.9,68595.68,73.34576348
1775091600,68595.69,68595.69,67619.58,68131.41,297.99175182
1775092500,68134.77,68142.1,67234.56,67583.79,461.58898789
1775093400,67581.12,67591.99,67121.0,67164.97,213.40101722
1775094300,67164.97,67401.6,67030.19,67354.17,133.25739372
1775095200,67354.16,67354.16,66840.0,66854.89,192.75912479
1775096100,66854.89,67000.38,66765.13,66896.16,129.28425753
1775097000,66896.16,67044.0,66615.2,66702.61,155.67636741
1775097900,66703.88,66943.76,66684.04,66855.05,108.00395099
1775098800,66855.05,66974.06,66744.5,66754.25,76.76539741
1775099700,66754.24,66890.24,66625.01,66854.88,117.54282202
1775100600,66854.88,66878.89,66500.0,66599.98,93.23846254
1775101500,66597.26,66642.71,66500.0,66569.3,72.78332763
1775102400,66571.92,66648.16,66495.23,66531.21,53.93683532
1775103300,66531.21,66625.9,66356.44,66400.0,118.67873334
1775104200,66399.99,66441.38,66208.07,66280.96,209.52952347
1775105100,66278.25,66385.87,66261.92,66322.59,54.09856203
1775106000,66322.59,66476.93,66300.0,66371.34,55.36646762
1775106900,66371.34,66490.13,66336.11,66470.35,71.4490146
1775107800,66470.6,66612.64,66377.85,66572.87,77.60781409
1775108700,66572.87,66631.14,66449.61,66575.42,43.38067132
1775109600,66574.72,66616.5,66542.08,66567.02,46.93026718
1775110500,66563.85,66808.42,66555.69,66631.85,78.75265512
1775111400,66631.84,66680.18,66536.01,66540.57,26.84685705
1775112300,66540.57,66677.11,66540.56,66672.37,29.3727936
1775113200,66672.42,66698.99,66547.52,66566.57,29.82963933
1775114100,66566.57,66701.99,66566.57,66666.61,22.78613754
1775115000,66666.61,66867.06,66664.33,66847.27,51.14162684
1775115900,66847.27,66927.32,66842.0,66912.56,23.80239315
1775116800,66912.57,66912.57,66707.02,66769.33,42.22945076
1775117700,66769.33,66769.33,66584.53,66667.78,51.17734972
1775118600,66667.78,66722.98,66483.38,66493.99,51.49584807
1775119500,66493.99,66540.8,66371.72,66429.65,72.3013658
1775120400,66429.65,66463.57,66275.18,66405.66,53.79971179
1775121300,66405.66,66496.08,66345.54,66457.5,32.96008196
1775122200,66457.5,66496.32,66380.01,66418.31,32.15230747
1775123100,66418.31,66459.0,66350.0,66443.9,13.5034453
1775124000,66443.91,66482.49,66198.38,66245.68,44.66617629
1775124900,66245.67,66375.8,66215.01,66360.01,52.0329598
1775125800,66360.01,66487.43,66342.03,66464.82,39.38936384
1775126700,66464.82,66492.66,66408.58,66448.33,34.69000088
1775127600,66448.33,66472.0,66242.83,66278.62,47.30334423
1775128500,66276.35,66468.01,66140.71,66429.44,103.66190405
1775129400,66433.55,66463.59,66300.03,66315.06,31.8470821
1775130300,66315.07,66378.8,66155.53,66197.5,78.00196732
1775131200,66197.5,66225.0,66031.2,66150.01,123.26314009
1775132100,66150.02,66165.0,65943.42,66133.61,111.87221688
1775133000,66133.62,66208.39,66080.01,66201.27,46.69823917
1775133900,66201.27,66231.99,66000.0,66034.18,40.47440131
1775134800,66039.55,66152.5,65939.21,65989.96,92.14614218
1775135700,65989.97,66172.38,65867.51,66134.61,135.68011639
1775136600,66134.61,66234.01,65696.96,65837.5,278.11174314
1775137500,65837.51,66274.48,65808.61,66251.71,145.16344168
1775138400,66254.33,66431.41,66142.5,66380.03,119.45544231
1775139300,66380.03,66478.12,66180.0,66243.94,116.03986242
1775140200,66243.94,67063.25,66241.62,67047.4,390.30165963
1775141100,67047.39,67100.0,66639.61,66853.77,238.26172473
1775142000,66853.77,66970.9,66687.5,66890.18,179.17228003
1775142900,66890.17,66903.43,66630.0,66832.74,92.51442673
1775143800,66832.75,66985.24,66688.93,66922.68,72.80092176
1775144700,66922.68,66942.5,66725.01,66842.5,55.69857295
1775145600,66842.5,66961.3,66795.0,66896.23,89.3367179
1775146500,66896.23,66960.0,66745.01,66872.5,101.66929143
1775147400,66872.5,67300.0,66844.98,67157.51,137.04685508
1775148300,67157.5,67249.97,67077.5,67085.29,79.23829257
1775149200,67084.0,67204.99,66847.5,67162.18,119.29440464
1775150100,67162.17,67450.75,67159.15,67240.03,143.01156496
1775151000,67240.03,67272.0,66930.99,66987.68,161.06368145
1775151900,66987.68,66994.0,66655.0,66677.48,95.23120319
1775152800,66677.5,66795.0,66583.47,66696.82,61.70614815
1775153700,66696.82,66839.39,66602.5,66618.85,164.12163644
1775154600,66619.07,66799.99,66619.07,66739.14,76.04854147
1775155500,66740.0,67077.77,66714.46,66982.43,102.43308365
1775156400,66982.44,67106.36,66940.0,67058.86,107.0501613
1775157300,67058.87,67105.84,66922.5,67032.5,73.58039347
1775158200,67032.49,67076.0,66870.0,66956.0,78.01524291
1775159100,66955.0,67063.35,66904.03,66976.06,84.65172354
1775160000,66975.98,66978.39,66789.84,66881.13,84.05460417
1775160900,66880.01,67058.0,66867.53,67038.49,59.49941988
1775161800,67038.07,67097.8,66943.91,67026.94,47.68028352
1775162700,67026.94,67045.0,66927.11,66939.27,46.44383776
1775163600,66939.26,67011.69,66720.0,66820.72,69.10376168
1775164500,66820.72,66940.69,66794.01,66834.0,27.70215984
1775165400,66833.99,66873.39,66753.1,66765.92,21.3407607
1775166300,66765.92,66939.0,66765.91,66937.05,17.51732028
1775167200,66937.05,67022.15,66882.53,66895.0,79.53600744
1775168100,66895.0,67005.04,66822.72,66900.45,60.65824804
1775169000,66902.5,67000.0,66902.5,66973.27,31.38157303
1775169900,66973.27,67043.72,66912.93,66986.0,42.44503725
1775170800,66986.0,67088.94,66923.0,66947.06,38.52393346
1775171700,66947.06,67032.5,66926.42,66932.13,45.26017603
1775172600,66932.12,66964.0,66868.04,66868.05,77.90658478
1775173500,66868.05,66905.0,66843.72,66894.48,39.29633857
1775174400,66899.11,66995.0,66779.15,66877.01,70.07384007
1775175300,66877.02,66961.54,66788.55,66822.71,34.470743
1775176200,66822.7,66910.49,66767.5,66802.02,63.53313199
1775177100,66802.01,66802.02,66698.18,66783.81,19.69973786
1775178000,66784.54,66833.35,66725.6,66816.06,29.00588096
1775178900,66816.05,66890.12,66737.5,66857.44,48.57466712
1775179800,66857.44,66902.04,66484.64,66564.84,80.45767045
1775180700,66564.84,66627.67,66487.28,66627.41,75.03943482
1775181600,66627.41,66627.41,66404.33,66499.99,49.73802713
1775182500,66500.0,66751.15,66444.18,66455.0,71.12897192
1775183400,66454.99,66506.99,66275.01,66338.68,92.09429459
1775184300,66338.69,66541.36,66310.0,66526.6,46.43714445
1775185200,66527.91,66655.51,66479.99,66648.86,55.85033463
1775186100,66648.86,66718.91,66593.97,66626.96,43.91094716
1775187000,66626.95,66698.0,66525.0,66597.83,36.96671957
1775187900,66597.83,66636.0,66547.5,66577.66,18.14142073
1775188800,66577.66,66657.32,66555.01,66627.0,16.65862655
1775189700,66627.0,66689.99,66535.66,66535.76,20.22050066
1775190600,66535.76,66605.99,66497.99,66578.9,34.97711283
1775191500,66578.89,66670.5,66555.01,66601.5,16.25969363
1775192400,66601.5,66670.5,66590.0,66590.01,23.08550718
1775193300,66590.01,66590.01,66410.01,66580.78,29.91935015
1775194200,66581.26,66810.96,66581.26,66771.53,39.48085606
1775195100,66770.17,66771.53,66517.52,66605.73,48.63946288
1775196000,66605.72,66662.5,66555.0,66662.5,22.35843993
1775196900,66662.5,66691.21,66599.71,66624.11,31.5013265
1775197800,66624.11,66774.0,66572.51,66730.65,24.28087603
1775198700,66730.65,66796.49,66702.51,66791.93,29.22614979
1775199600,66791.93,66921.01,66752.51,66821.98,42.51217407
1775200500,66821.98,66945.85,66802.68,66943.52,45.43125744
1775201400,66943.51,67259.0,66920.01,67081.99,123.02841102
1775202300,67081.99,67127.52,67007.51,67039.49,52.34443338
1775203200,67039.5,67287.9,67024.44,67165.59,44.3552333
1775204100,67165.59,67218.15,67053.87,67055.69,43.05236884
1775205000,67055.69,67125.98,66904.05,66936.24,28.34836464
1775205900,66936.24,67010.08,66904.44,66969.0,25.51253978
1775206800,66969.0,67009.32,66879.07,66896.13,14.98375862
1775207700,66896.12,66919.47,66742.64,66819.41,36.73727261
1775208600,66819.41,66915.9,66785.04,66894.51,21.89848586
1775209500,66894.51,66898.39,66800.05,66862.48,16.93352564
1775210400,66862.48,66862.48,66766.04,66818.76,17.32514006
1775211300,66818.76,66867.31,66759.85,66759.85,14.28956788
1775212200,66759.84,66800.0,66674.76,66784.5,17.49670763
1775213100,66784.5,66899.95,66784.5,66878.29,23.28673304
1775214000,66878.29,66914.98,66817.8,66848.03,22.69321712
1775214900,66848.04,66962.9,66835.62,66936.98,26.1214905
1775215800,66936.98,67063.35,66911.04,66999.24,24.84468959
1775216700,66999.24,67042.51,66950.64,67023.63,18.9396806
1775217600,67023.63,67054.49,66936.24,67016.88,31.19709591
1775218500,67016.87,67141.89,66939.99,67117.68,52.89738203
1775219400,67117.68,67375.7,66788.22,66870.71,119.31013214
1775220300,66866.01,66905.85,66643.51,66725.31,81.35247495
1775221200,66725.32,66736.3,66555.72,66672.02,70.63690746
1775222100,66672.02,66737.07,66597.83,66689.27,42.32133519
1775223000,66689.27,66689.27,66575.09,66604.5,37.14899169
1775223900,66604.5,66687.63,66510.0,66674.35,43.5329456
1775224800,66674.34,66796.49,66628.8,66783.09,63.20363952
1775225700,66783.1,66996.79,66720.92,66906.35,89.24894049
1775226600,66906.36,66936.24,66808.0,66812.31,34.64330488
1775227500,66810.25,66989.31,66810.25,66921.99,39.1741756
1775228400,66921.99,67022.0,66906.99,66963.17,37.65214912
1775229300,66963.17,66963.17,66852.11,66921.86,83.73846622
1775230200,66921.85,66976.55,66825.36,66848.03,86.56816621
1775231100,66848.04,66870.31,66803.66,66816.13,96.18648227
1775232000,66816.13,66912.0,66797.58,66896.0,64.32096427
1775232900,66896.0,66996.55,66868.21,66984.12,61.33710283
1775233800,66984.13,67012.95,66923.81,66974.14,80.6986295
1775234700,66974.14,67066.5,66942.0,67001.77,53.84972533
1775235600,67001.77,67066.63,66953.88,66953.89,53.10372468
1775236500,66953.89,66969.66,66754.17,66873.61,78.769312
1775237400,66873.24,66955.08,66848.04,66897.49,104.16115255
1775238300,66897.48,66897.49,66805.2,66825.36,36.45380116
1775239200,66825.36,66860.05,66772.45,66832.0,35.81585411
1775240100,66832.0,66926.39,66812.77,66870.73,51.81190752
1775241000,66870.73,66919.49,66828.09,66849.71,39.75841199
1775241900,66849.71,66849.71,66794.46,66805.99,31.51966789
1775242800,66806.0,66848.0,66755.04,66767.99,64.38371013
1775243700,66767.99,66839.99,66757.5,66790.0,55.11118204
1775244600,66789.49,66847.99,66772.44,66843.0,29.30536368
1775245500,66843.0,66898.44,66842.99,66879.68,29.37209484
1775246400,66879.67,66905.58,66842.33,66896.19,35.65659055
1775247300,66896.2,66905.97,66858.68,66876.49,33.87707941
1775248200,66876.5,66911.99,66848.04,66874.73,37.20162322
1775249100,66874.72,66902.0,66824.0,66828.0,38.37477587
1775250000,66827.99,66929.98,66820.03,66906.02,33.49042223
1775250900,66906.02,66933.72,66860.82,66887.97,18.80130303
1775251800,66887.96,66937.34,66873.15,66937.22,17.8620607
1775252700,66937.22,66969.0,66894.4,66956.2,19.89403119
1775253600,66956.2,66968.52,66832.93,66866.0,33.62178574
1775254500,66866.0,66929.98,66858.6,66918.71,26.85518087
1775255400,66918.7,66959.23,66892.66,66926.07,22.37572818
1775256300,66926.07,66936.28,66843.0,66885.05,25.12949877
1775257200,66880.81,66906.0,66843.92,66868.2,21.0108642
1775258100,66868.49,66889.51,66826.02,66852.01,49.21401003
1775259000,66852.05,66919.31,66820.01,66858.37,31.92883035
1775259900,66858.37,66959.99,66858.37,66959.99,25.29477175
1775260800,66959.98,66959.99,66863.17,66904.57,21.12978242
1775261700,66904.57,66961.5,66879.74,66909.01,18.25398399
1775262600,66909.01,66961.08,66900.96,66931.21,21.05985613
1775263500,66931.2,66934.19,66878.53,66897.84,18.50654975
1775264400,66897.84,66924.47,66843.0,66843.0,20.2472848
1775265300,66845.51,66880.12,66835.44,66835.45,34.37297392
1775266200,66835.44,66863.84,66821.63,66826.8,21.79469539
1775267100,66826.8,66852.07,66817.28,66850.5,22.86007687
1775268000,66850.49,66917.99,66820.32,66835.51,17.02855061
1775268900,66836.99,66838.48,66806.76,66830.43,12.36732042
1775269800,66832.45,66882.04,66823.07,66823.08,13.16119819
1775270700,66823.08,66838.0,66804.11,66838.0,20.15394411
1775271600,66838.0,66895.5,66838.0,66888.82,18.18074897
1775272500,66888.82,66888.82,66840.0,66845.99,11.48134249
1775273400,66845.99,66854.54,66828.99,66842.75,12.93646406
1775274300,66842.74,66861.13,66820.6,66830.06,10.42263879
1775275200,66830.06,66848.07,66794.47,66800.16,7.09069945
1775276100,66800.16,66856.5,66770.64,66856.5,10.43174109
1775277000,66856.5,66862.49,66835.0,66853.31,6.85476522
1775277900,66853.32,66873.39,66836.64,66858.01,17.96798113
1775278800,66858.01,66893.64,66848.46,66858.01,30.67030875
1775279700,66858.01,66895.92,66833.14,66872.98,28.07542911
1775280600,66872.99,66928.49,66863.27,66890.88,23.73615157
1775281500,66890.88,66916.55,66885.84,66914.67,47.61132066
1775282400,66914.68,66957.99,66896.95,66949.48,34.70902993
1775283300,66949.48,66962.79,66901.32,66947.99,10.28807408
1775284200,66947.99,66959.52,66911.13,66959.46,18.98465883
1775285100,66959.45,67043.54,66959.45,67004.27,27.07881793
1775286000,67004.27,67030.21,66975.01,66975.01,27.58258467
1775286900,66975.01,67001.99,66928.69,66946.31,52.27938308
1775287800,66946.32,67000.0,66946.32,66959.28,16.60187113
1775288700,66959.28,67045.0,66942.0,67009.28,10.52792172
1775289600,67009.27,67044.6,66981.6,66994.2,18.10596092
1775290500,66994.2,67055.0,66988.84,67037.05,26.11400288
1775291400,67037.04,67037.04,66949.23,66968.97,6.83253479
1775292300,66968.68,66969.0,66899.09,66937.65,11.73140479
1775293200,66937.65,66984.12,66910.0,66971.96,12.15728678
1775294100,66971.97,66993.71,66929.99,66967.0,63.35567296
1775295000,66968.0,66970.05,66943.81,66948.86,14.85655923
1775295900,66948.86,66977.78,66948.86,66974.22,3.59533622
1775296800,66974.99,67005.86,66898.1,66903.13,22.07246007
1775297700,66903.13,66941.99,66903.13,66933.72,9.40638974
1775298600,66933.72,67054.0,66910.6,67031.87,20.96086327
1775299500,67031.87,67163.1,67022.28,67158.01,30.75622197
1775300400,67158.01,67217.12,67131.59,67162.47,31.66939163
1775301300,67158.65,67158.66,67098.96,67115.98,21.64024076
1775302200,67115.99,67148.0,67070.01,67134.87,14.41923671
1775303100,67134.87,67151.99,67092.49,67147.92,16.38155299
1775304000,67147.92,67173.74,67066.93,67112.33,12.96911617
1775304900,67110.12,67130.19,67097.52,67100.05,8.00394801
1775305800,67100.05,67118.0,67045.29,67052.8,17.55273437
1775306700,67052.8,67110.76,67052.8,67084.98,8.90441938
1775307600,67084.98,67098.0,67069.98,67092.93,11.33004033
1775308500,67092.91,67125.0,67082.18,67105.99,26.57450906
1775309400,67105.99,67262.53,67092.48,67233.53,46.45823754
1775310300,67233.53,67233.6,67158.01,67183.97,54.80359489
1775311200,67183.97,67214.0,67180.33,67193.27,32.85601694
1775312100,67193.28,67207.11,67169.07,67176.87,16.03982547
1775313000,67176.86,67176.86,67020.01,67095.25,69.21037251
1775313900,67095.24,67204.5,67095.24,67199.8,21.08597361
1775314800,67199.8,67528.2,67175.62,67372.2,122.58458419
1775315700,67372.2,67470.48,67289.05,67323.99,53.37854293
1775316600,67323.99,67348.21,67262.08,67311.69,29.09368934
1775317500,67311.69,67384.49,67269.52,67374.49,28.59432714
1775318400,67374.49,67394.14,67315.68,67332.73,33.59228836
1775319300,67335.09,67470.03,67314.28,67430.74,38.27888783
1775320200,67430.75,67511.19,67371.33,67510.0,34.71160756
1775321100,67509.99,67513.45,67319.63,67358.99,63.41650489
1775322000,67361.82,67366.49,67276.45,67363.01,40.56922115
1775322900,67363.01,67408.32,67338.0,67384.81,22.18634715
1775323800,67384.8,67394.68,67307.83,67307.83,16.69331364
1775324700,67307.83,67342.0,67304.63,67324.02,11.46680545
1775325600,67324.02,67335.15,67272.95,67319.66,29.37294547
1775326500,67319.65,67374.0,67317.48,67317.49,15.16859839
1775327400,67317.49,67320.0,67271.4,67271.4,7.7507213
1775328300,67271.4,67320.52,67245.37,67284.05,11.71766355
1775329200,67284.05,67488.43,67284.05,67480.79,33.14967032
1775330100,67480.79,67535.2,67347.62,67358.19,26.46491735
1775331000,67358.19,67364.99,67273.47,67296.24,19.9010711
1775331900,67296.24,67323.33,67265.0,67281.99,10.78223257
1775332800,67281.99,67283.41,67170.6,67220.81,26.06932337
1775333700,67220.81,67270.07,67220.8,67262.02,34.41084471
1775334600,67262.01,67291.5,67248.72,67250.09,36.84618323
1775335500,67250.08,67291.29,67240.01,67267.48,19.33418358
1775336400,67267.48,67283.75,67200.0,67231.15,20.73044149
1775337300,67231.15,67273.55,67231.14,67269.14,11.44825496
1775338200,67269.14,67316.76,67250.0,67308.19,45.60427041
1775339100,67308.2,67456.48,67305.83,67350.08,30.88123247
1775340000,67350.08,67386.66,67329.36,67386.0,29.71080732
1775340900,67386.01,67444.43,67357.07,67417.03,32.893125
1775341800,67417.02,67461.0,67373.5,67460.99,16.53545484
1775342700,67461.0,67463.75,67362.28,67395.98,15.62498419
1775343600,67395.98,67395.98,67319.87,67348.94,27.34661457
1775344500,67348.94,67356.8,67292.33,67292.34,21.50728374
1775345400,67292.34,67318.75,67252.96,67313.94,35.33754669
1775346300,67313.95,67315.99,67244.0,67291.73,45.41650659
1775347200,67291.72,67300.25,67223.01,67243.07,24.74783819
1775348100,67243.08,67260.39,67215.47,67246.85,20.23728141
1775349000,67242.41,67259.26,67221.01,67230.58,26.97935643
1775349900,67230.57,67257.76,67137.49,67199.99,38.4507475
1775350800,67200.0,67221.66,67101.0,67173.99,38.8013646
1775351700,67173.99,67173.99,67108.2,67115.16,22.00662501
1775352600,67115.16,67116.0,67062.24,67077.35,19.36127089
1775353500,67077.35,67106.0,67069.8,67079.99,16.57236731
1775354400,67079.99,67079.99,66953.51,66988.82,38.81832305
1775355300,66988.82,67153.01,66972.16,67112.83,31.74658421
1775356200,67112.82,67163.1,67107.6,67120.53,15.40173666
1775357100,67120.54,67171.98,67112.64,67157.96,6.86033093
1775358000,67157.96,67183.68,67135.45,67183.67,16.9047558
1775358900,67183.67,67183.68,67116.0,67140.37,11.24845661
1775359800,67140.36,67140.37,67077.04,67127.77,13.2919677
1775360700,67127.77,67138.55,67101.12,67138.55,9.09109198
1775361600,67138.55,67138.55,67055.98,67079.99,7.67871992
1775362500,67080.0,67181.99,67065.01,67173.28,12.64688234
1775363400,67173.26,67180.68,67114.9,67115.96,8.33898158
1775364300,67115.96,67130.28,67069.97,67085.1,12.68611569
1775365200,67084.93,67142.88,67082.4,67095.88,12.47121561
1775366100,67095.89,67116.96,67039.57,67070.0,15.70309705
1775367000,67069.99,67092.48,67038.71,67075.3,10.69411307
1775367900,67075.3,67091.83,66883.25,66918.59,43.70529666
1775368800,66918.6,66931.2,66601.76,66643.05,71.09759518
1775369700,66643.05,66772.63,66600.0,66754.02,29.72061963
1775370600,66754.01,66843.1,66749.76,66811.76,24.95464554
1775371500,66811.76,66850.0,66777.19,66786.0,16.93235083
1775372400,66786.0,66899.83,66786.0,66887.11,27.01347135
1775373300,66887.11,66901.79,66783.34,66804.09,19.36177792
1775374200,66804.09,66804.1,66706.92,66754.99,7.80386253
1775375100,66755.27,66811.76,66722.05,66808.57,23.63062019
1775376000,66808.56,66870.0,66802.69,66848.04,14.21913433
1775376900,66848.04,66896.66,66842.85,66855.22,6.71295309
1775377800,66855.22,66879.68,66820.51,66844.17,8.11439078
1775378700,66844.17,66926.0,66844.17,66917.55,13.53903668
1775379600,66917.54,66970.0,66883.33,66919.78,21.74999185
1775380500,66919.78,67013.96,66908.0,67001.75,15.08423554
1775381400,67001.75,67012.35,66953.88,67009.32,6.06837365
1775382300,67009.32,67037.97,66996.04,67017.85,13.47280411
1775383200,67018.2,67022.0,66951.36,66952.0,35.07424713
1775384100,66952.0,66984.0,66950.01,66982.02,9.53713552
1775385000,66982.01,67127.76,66972.38,67070.59,15.89254036
1775385900,67070.58,67070.58,66994.3,67023.31,14.39720964
1775386800,67028.85,67092.0,67016.89,67021.57,29.20646489
1775387700,67021.57,67072.32,66980.27,66997.5,10.02970456
1775388600,66997.5,67012.55,66963.96,66985.7,21.88302962
1775389500,66985.69,66996.89,66966.0,66990.35,6.54901009
1775390400,66990.34,66990.34,66895.97,66901.96,9.14895601
1775391300,66901.96,66923.64,66870.76,66873.28,9.54985394
1775392200,66873.27,66878.53,66678.72,66734.65,37.2019919
1775393100,66734.64,66794.11,66669.24,66770.91,18.25666522
1775394000,66770.91,66847.02,66747.24,66747.24,10.35800055
1775394900,66747.25,66846.96,66692.0,66696.83,8.03718931
1775395800,66696.83,66847.08,66684.25,66820.79,22.13024081
1775396700,66820.79,66905.32,66816.03,66878.54,17.72871087
1775397600,66878.54,66953.56,66833.99,66866.78,13.64089592
1775398500,66866.78,66907.49,66806.0,66893.41,28.85128132
1775399400,66893.42,66959.95,66875.76,66939.14,22.73758959
1775400300,66939.15,66940.95,66893.42,66912.24,33.44446119
1775401200,66913.12,66953.88,66817.8,66905.26,48.58925513
1775402100,66909.91,67516.46,66909.9,67480.56,98.20421329
1775403000,67482.25,67812.0,67300.0,67428.0,209.06022868
1775403900,67428.0,67442.3,67250.0,67291.57,43.29631552
1775404800,67291.53,67384.79,67253.77,67276.44,58.48848279
1775405700,67276.43,67367.15,67276.43,67303.43,22.09961315
1775406600,67301.65,67396.63,67250.0,67303.1,17.89278276
1775407500,67303.1,67304.0,67144.51,67194.96,45.42232317
1775408400,67194.96,67281.48,67160.0,67272.47,37.6836969
1775409300,67272.48,67331.5,67168.08,67318.06,29.9270547
1775410200,67318.5,67386.3,67284.01,67340.01,30.88690964
1775411100,67340.01,67379.75,67286.54,67346.72,17.34385654
1775412000,67348.91,67352.25,67258.8,67291.57,25.12000011
1775412900,67291.56,67326.0,67246.63,67286.27,23.70004106
1775413800,67286.27,67434.08,67286.27,67399.87,40.42339252
1775414700,67399.17,67438.38,67357.87,67395.61,13.96035038
1775415600,67396.67,67412.0,67341.97,67394.89,24.38053891
1775416500,67394.88,67538.48,67382.95,67451.52,75.2351938
1775417400,67451.68,67459.45,67270.56,67296.21,48.73113319
1775418300,67296.24,67350.91,67266.37,67350.84,21.35496242
1775419200,67350.84,67400.0,67314.25,67367.29,18.1100618
1775420100,67367.28,67474.2,67343.64,67462.11,19.13536938
1775421000,67462.11,67684.68,67447.81,67536.02,78.10554171
1775421900,67536.02,67656.0,67523.42,67644.01,57.95829101
1775422800,67644.01,67644.01,67401.64,67504.66,78.52295862
1775423700,67504.64,67526.0,67397.4,67460.4,22.13229917
1775424600,67460.39,67503.0,67407.49,67479.03,14.08981179
1775425500,67479.03,67659.48,67457.89,67533.26,28.62410134
1775426400,67533.27,67792.5,67455.72,67505.77,356.275621
1775427300,67505.77,67589.99,67323.88,67415.04,115.93096467
1775428200,67415.04,67972.98,67392.28,67936.34,86.6965955
1775429100,67935.01,68354.25,67931.93,68320.43,172.03581261
1775430000,68320.42,68574.24,68241.61,68574.24,184.65523888
1775430900,68576.74,68969.0,68573.37,68775.74,194.31216714
1775431800,68781.65,69117.6,68777.13,68929.56,182.28583824
1775432700,68929.56,69035.0,68874.13,69005.0,102.13091379
1775433600,69005.0,69561.0,69004.99,69226.01,282.2225646
1775434500,69226.01,69330.24,69042.52,69158.88,104.02321525
1775435400,69158.89,69424.1,69085.8,69295.87,106.3362309
1775436300,69295.95,69328.81,69046.9,69065.2,50.58860347
1775437200,69065.2,69119.0,68831.28,68831.28,88.42925484
1775438100,68831.29,68973.87,68808.61,68964.46,35.86891238
1775439000,68963.28,68963.28,68775.0,68779.99,34.21621073
1775439900,68779.99,68851.99,68761.46,68789.5,28.42456587
1775440800,68789.5,69309.55,68738.74,69097.98,91.89365911
1775441700,69098.4,69284.88,69078.91,69214.23,103.32584917
1775442600,69214.23,69388.0,69160.0,69197.5,59.10167322
1775443500,69199.2,69290.35,69182.43,69194.96,51.44710578
1775444400,69191.64,69242.93,69095.88,69113.51,44.21582734
1775445300,69113.51,69191.64,69042.14,69163.92,66.23095689
1775446200,69163.93,69215.15,69052.34,69103.44,41.00450259
1775447100,69103.43,69131.92,69037.92,69107.0,33.13331618
1775448000,69107.02,69183.79,68980.0,69062.56,55.87463219
1775448900,69062.57,69062.57,68952.0,68981.43,32.48530235
1775449800,68981.43,69198.36,68970.75,69156.37,23.51840538
1775450700,69156.37,69188.0,69094.92,69120.03,34.84377053
1775451600,69120.03,69172.03,69095.88,69148.0,23.10266751
1775452500,69148.01,69202.85,69068.46,69158.87,30.22224094
1775453400,69158.88,69226.92,69153.84,69202.88,10.36440404
1775454300,69200.88,69223.78,69129.65,69180.0,11.4758911
1775455200,69179.99,69337.67,69074.92,69290.31,53.03253373
1775456100,69290.3,69290.3,68790.97,68831.21,56.15994721
1775457000,68831.21,68961.43,68816.17,68913.92,29.80454916
1775457900,68913.92,69087.15,68906.89,68965.98,35.9588428
1775458800,68965.98,68980.3,68811.13,68886.73,18.53429308
1775459700,68886.73,69090.01,68886.73,69058.24,21.71063326
1775460600,69058.24,69124.26,68942.8,68968.15,22.11661159
1775461500,68970.01,69197.03,68935.0,69100.0,27.44742521
1775462400,69101.74,69212.57,69064.94,69160.11,32.26591791
1775463300,69160.11,69241.06,69105.0,69219.5,47.39593613
1775464200,69219.51,69341.07,69194.44,69285.11,34.78800362
1775465100,69285.1,69303.94,69200.72,69215.44,23.12525741
1775466000,69215.17,69752.0,69200.0,69643.3,207.43280201
1775466900,69638.45,70271.25,69628.42,69934.1,501.14369261
1775467800,69934.11,69980.0,69712.69,69857.49,102.06257092
1775468700,69857.49,69906.12,69702.04,69735.03,68.46554568
1775469600,69735.03,69857.98,69725.4,69827.76,35.29563528
1775470500,69827.76,69875.61,69747.0,69769.42,81.74937977
1775471400,69766.98,69956.35,69750.16,69896.01,92.5168696
1775472300,69896.01,69896.02,69700.01,69773.9,74.30897307
1775473200,69772.22,69772.22,69670.0,69676.19,37.27415785
1775474100,69676.19,69730.02,69584.92,69624.13,49.85079873
1775475000,69624.13,69712.43,69572.58,69654.16,33.39771635
1775475900,69654.25,69702.0,69565.01,69619.77,27.80082574
1775476800,69620.0,69642.0,69460.27,69482.85,78.39860827
1775477700,69481.93,69536.0,69419.04,69462.93,66.38168037
1775478600,69462.93,69549.55,69383.08,69499.93,79.09088887
1775479500,69499.94,69551.48,69323.88,69367.96,63.03861027
1775480400,69367.96,69448.24,69365.03,69408.27,105.22778391
1775481300,69409.32,69481.93,69320.01,69471.57,60.11838636
1775482200,69471.57,69562.38,69230.0,69326.54,199.2910754
1775483100,69326.54,69517.76,69254.53,69427.53,162.15370341
1775484000,69427.53,69642.82,69150.37,69348.87,206.70833839
1775484900,69349.61,69660.36,69347.7,69549.27,217.25404374
1775485800,69551.11,69835.74,69327.99,69466.49,358.99420133
1775486700,69466.5,69707.18,69305.81,69658.63,199.31295964
1775487600,69658.64,69811.84,69536.32,69712.01,199.34929473
1775488500,69710.16,69789.65,69600.0,69750.38,218.68756257
1775489400,69750.38,69876.86,69658.05,69834.17,321.98799545
1775490300,69831.6,69989.99,69790.14,69975.89,429.78670478
1775491200,69975.9,70125.03,69867.09,70085.4,432.38438523
1775492100,70085.41,70111.3,69907.99,69919.13,333.47884254
1775493000,69919.14,70140.25,69848.36,70139.01,322.99575491
1775493900,70139.02,70378.48,69784.3,69818.63,192.55082317
1775494800,69818.64,69851.12,69295.59,69340.18,321.2464438
1775495700,69340.19,69595.89,69269.62,69543.27,199.62515946
1775496600,69540.83,69662.83,69443.96,69469.27,167.10347023
1775497500,69470.06,69616.61,69421.59,69577.77,157.89054256
1775498400,69577.77,69795.83,69477.83,69756.47,129.94644702
1775499300,69756.47,69975.9,69722.8,69864.57,111.45568302
1775500200,69864.58,69946.05,69749.6,69789.23,120.34040722
1775501100,69789.23,69926.62,69712.44,69904.98,191.56691623
1775502000,69904.99,69906.05,69581.0,69745.41,193.57744377
1775502900,69745.7,69917.04,69743.41,69855.14,238.35046053
1775503800,69854.91,69900.83,69686.77,69770.77,119.69497891
1775504700,69770.77,69778.59,69667.17,69732.99,147.59198535
1775505600,69727.98,69774.32,69615.2,69771.55,200.65790626
1775506500,69771.55,69982.82,69766.97,69973.74,229.26673357
1775507400,69973.74,69997.76,69901.98,69914.29,179.30560605
1775508300,69914.29,69950.97,69817.28,69833.05,59.58872892
1775509200,69833.04,69837.4,69700.01,69737.95,48.17858176
1775510100,69737.94,69774.8,69663.94,69665.8,24.2462452
1775511000,69665.8,69673.65,69429.0,69445.85,46.47407479
1775511900,69445.85,69577.48,69445.85,69516.47,30.63861673
1775512800,69516.46,69596.65,69409.04,69562.1,88.07729941
1775513700,69562.1,69562.5,69330.44,69377.6,69.57898537
1775514600,69377.61,69377.61,69214.19,69243.99,71.0641883
1775515500,69243.98,69243.98,68810.19,68812.0,159.53256677
1775516400,68809.58,68825.32,68332.0,68595.98,255.86392561
1775517300,68593.58,68685.92,68491.16,68530.46,84.38268901
1775518200,68530.46,68863.62,68480.0,68785.21,62.95537621
1775519100,68785.21,68912.87,68777.62,68853.61,70.97186983
1775520000,68853.6,69133.19,68803.83,68947.92,148.5709704
1775520900,68947.91,69070.0,68871.92,68927.99,59.84195022
1775521800,68928.0,69051.2,68727.86,68786.27,70.67849286
1775522700,68785.48,68905.99,68745.14,68771.18,49.1702533
1775523600,68771.17,68771.17,68539.67,68594.37,87.02553935
1775524500,68594.38,68900.0,68594.38,68724.58,90.75221201
1775525400,68724.58,68808.43,68594.83,68641.39,66.22298806
1775526300,68641.39,68654.87,68350.0,68403.98,84.39897196
1775527200,68403.98,68492.04,68270.41,68418.0,188.89066603
1775528100,68418.0,68582.0,68405.63,68573.31,138.36790565
1775529000,68573.31,68713.96,68499.91,68613.76,54.33709921
1775529900,68613.76,68689.25,68543.82,68663.65,88.5101068
1775530800,68662.35,68745.21,68610.0,68675.43,86.92056479
1775531700,68675.43,68794.06,68649.24,68777.98,61.6534461
1775532600,68777.98,68801.0,68724.0,68796.77,37.18557361
1775533500,68796.77,68798.0,68733.08,68777.67,28.86450539
1775534400,68777.68,68789.66,68623.79,68671.06,39.73077828
1775535300,68671.06,68683.3,68540.43,68596.69,37.27323209
1775536200,68596.69,68876.0,68596.68,68857.56,46.09876127
1775537100,68857.56,68987.22,68828.02,68856.71,30.34034322
1775538000,68856.72,68869.32,68793.35,68802.28,18.34541886
1775538900,68802.28,68840.5,68693.99,68706.89,42.87136205
1775539800,68706.89,68753.69,68643.38,68650.01,65.31768625
1775540700,68650.0,68693.76,68613.28,68655.07,34.21404153
1775541600,68655.07,68657.36,68478.94,68516.03,38.37718223
1775542500,68516.03,68585.35,68434.41,68567.12,43.85551413
1775543400,68567.12,68580.89,68472.96,68552.28,21.58628145
1775544300,68552.29,68605.0,68497.01,68566.49,31.46723976
1775545200,68566.49,68575.26,68497.01,68554.44,42.70006845
1775546100,68554.43,68655.51,68503.4,68576.89,24.85050107
1775547000,68576.89,68707.06,68576.89,68673.72,21.39689373
1775547900,68673.72,68681.13,68600.26,68610.29,17.93972285
1775548800,68610.28,68840.0,68591.34,68730.4,75.37203143
1775549700,68730.4,68863.11,68657.04,68749.77,50.24718387
1775550600,68749.78,68949.59,68749.78,68917.56,55.14437436
1775551500,68917.56,68990.0,68884.17,68942.34,73.74098059
1775552400,68942.35,69256.41,68929.79,69111.29,88.29199061
1775553300,69111.28,69170.0,69000.0,69064.77,71.57856046
1775554200,69064.78,69256.06,69051.17,69188.11,40.61687153
1775555100,69188.1,69204.46,69121.3,69150.35,23.55535195
1775556000,69150.36,69208.14,68834.29,68910.89,86.06943798
1775556900,68910.89,69014.95,68660.0,68738.22,72.23834682
1775557800,68738.11,68774.28,68449.96,68473.71,93.55794565
1775558700,68473.71,68484.06,68172.7,68225.93,134.27332429
1775559600,68224.0,68339.28,68061.76,68331.0,103.0406944
1775560500,68331.0,68408.0,68242.88,68365.01,56.98011993
1775561400,68365.01,68450.72,68265.25,68402.04,40.23107398
1775562300,68402.04,68426.58,68310.41,68328.81,22.96404643
1775563200,68332.52,68472.68,68062.9,68263.85,113.84922879
1775564100,68263.86,68450.04,68189.45,68424.35,66.55904088
1775565000,68424.35,68479.46,68269.18,68308.65,51.11376276
1775565900,68308.64,68581.94,68225.25,68383.99,71.1418745
1775566800,68383.99,68633.63,68366.46,68612.01,121.16014589
1775567700,68612.01,68625.62,68443.01,68471.32,82.76541659
1775568600,68468.75,68591.1,68276.75,68324.0,137.96896671
1775569500,68325.1,68441.62,68176.76,68221.38,126.05487063
1775570400,68221.36,68248.09,67796.81,67873.98,288.8292147
1775571300,67873.99,68152.41,67750.0,68136.02,158.07972758
1775572200,68136.03,68217.63,67972.34,67985.67,63.82299732
1775573100,67984.49,68212.32,67840.0,67843.12,89.84872244
1775574000,67843.12,67971.19,67710.01,67876.8,147.56762275
1775574900,67877.68,68190.83,67865.68,68166.06,173.7108261
1775575800,68166.07,68206.13,68050.14,68065.68,107.18502448
1775576700,68065.91,68272.75,68052.87,68152.71,116.68324996
1775577600,68152.71,68444.36,68072.63,68129.32,113.51386373
1775578500,68129.33,69039.74,68060.31,68375.77,378.76217881
1775579400,68375.76,68378.35,68267.3,68313.02,64.95736117
1775580300,68313.02,68389.33,68186.38,68223.75,41.36744168
1775581200,68223.74,68357.52,68189.45,68295.27,81.40800679
1775582100,68291.08,68400.0,68177.75,68400.0,59.01777973
1775583000,68400.0,69000.0,68400.0,68687.1,205.09397428
1775583900,68687.11,68830.72,68665.98,68694.66,66.74317644
1775584800,68694.66,68773.69,68603.61,68635.36,47.74665641
1775585700,68635.36,68674.33,68545.93,68637.26,70.59873319
1775586600,68637.27,68727.18,68455.0,68511.99,47.904982
1775587500,68512.0,68512.0,68336.0,68430.56,58.64564107
1775588400,68430.55,68488.42,68324.38,68442.88,86.54179865
1775589300,68442.88,68808.45,68442.88,68559.29,81.9463625
1775590200,68558.27,68570.2,68436.86,68492.58,55.26156127
1775591100,68500.22,69083.82,68473.34,68993.62,264.79254231
1775592000,68998.45,69532.0,68998.45,69441.72,285.51678911
1775592900,69441.72,69495.7,69249.83,69356.24,115.14651307
1775593800,69356.24,69409.53,69204.81,69293.58,80.28284815
1775594700,69293.56,69313.93,69167.49,69313.92,106.39575442
1775595600,69313.92,70200.0,69305.01,69973.0,463.83398982
1775596500,69973.01,70022.12,69486.67,69581.85,160.44918584
1775597400,69581.85,69902.86,69581.84,69902.86,112.90976962
1775598300,69902.86,70094.46,69812.11,69923.37,95.04940538
1775599200,69923.36,70562.59,69923.36,70282.51,405.79806156
1775600100,70282.5,70460.99,70173.4,70400.52,172.16421345
1775601000,70400.53,71289.16,70400.0,70744.55,493.81555391
1775601900,70746.03,71512.84,70727.85,71506.0,302.25847498
1775602800,71505.99,71715.3,71174.31,71482.67,356.90668597
1775603700,71482.67,72750.0,71305.07,72750.0,731.43392405
1775604600,72749.99,72753.97,71910.2,72006.0,418.08780439
1775605500,72006.0,72230.84,71878.44,71910.2,230.37698999
1775606400,71910.21,72113.93,71783.28,71954.56,239.75509403
1775607300,71954.56,72080.53,71845.14,71918.58,106.50278061
1775608200,71916.08,72010.4,71725.08,71824.19,121.0239252
1775609100,71824.19,71844.0,71536.12,71699.91,116.57203157
1775610000,71699.9,71753.06,71482.06,71676.41,88.54781581
1775610900,71676.4,71686.0,71439.56,71472.29,64.35116785
1775611800,71472.29,71572.0,71445.28,71466.98,61.97510021
1775612700,71469.4,71586.0,71445.94,71465.98,49.6030756
1775613600,71468.34,71719.81,71370.0,71713.11,65.66030021
1775614500,71713.11,71722.84,71405.86,71455.92,82.60683211
1775615400,71455.97,71485.94,71233.98,71305.66,136.48658975
1775616300,71305.65,71395.84,71287.05,71355.75,60.73258376
1775617200,71355.76,71442.41,71281.11,71294.02,68.89665854
1775618100,71294.02,71484.9,71272.26,71474.03,46.76710044
1775619000,71474.04,71476.0,71335.68,71362.75,34.0676106
1775619900,71362.75,71362.75,71281.02,71286.0,44.64120377
1775620800,71285.99,71541.43,71272.38,71513.08,83.95311358
1775621700,71514.47,71596.24,71472.67,71563.03,41.2390465
1775622600,71563.03,71683.55,71526.07,71609.6,48.85672524
1775623500,71611.98,71673.19,71542.33,71556.55,36.59700191
1775624400,71559.93,71677.46,71552.82,71668.45,38.81065769
1775625300,71668.46,71779.94,71629.65,71714.93,57.57616089
1775626200,71714.92,71766.87,71663.04,71698.22,35.6375374
1775627100,71698.23,71830.04,71639.67,71730.91,37.48729092
1775628000,71730.91,71849.07,71576.21,71800.6,39.30361863
1775628900,71800.61,71942.29,71726.5,71852.18,78.42983192
1775629800,71852.16,71864.65,71758.0,71814.01,32.54569223
1775630700,71814.02,71822.46,71710.0,71728.99,24.84130602
1775631600,71729.0,71796.0,71624.44,71750.0,32.50931199
1775632500,71750.0,71914.12,71701.99,71813.79,61.12283518
1775633400,71813.78,71813.78,71625.62,71648.59,63.0482947
1775634300,71648.59,71648.59,71580.93,71641.01,27.67130026
1775635200,71641.02,71823.55,71636.0,71709.36,78.23211586
1775636100,71709.88,71812.19,71679.69,71751.56,64.13039951
1775637000,71751.56,71832.7,71641.56,71735.01,117.68973655
1775637900,71735.02,71810.13,71696.99,71800.02,54.60734084
1775638800,71800.02,71962.24,71800.02,71825.4,66.64168694
1775639700,71822.77,71881.38,71681.12,71681.79,37.99163225
1775640600,71681.8,71746.75,71588.01,71591.89,38.73632495
1775641500,71594.48,71706.6,71582.4,71674.21,36.89882315
1775642400,71674.21,71790.88,71582.41,71607.77,42.77979024
1775643300,71607.76,71687.3,71587.51,71640.27,31.59182784
1775644200,71640.27,71647.2,71441.77,71544.61,70.57041818
1775645100,71544.61,71584.76,71466.53,71470.12,27.52697498
1775646000,71470.11,71662.51,71447.4,71637.16,33.75171914
1775646900,71637.15,71687.48,71536.5,71651.61,43.85182294
1775647800,71673.52,71673.52,71404.95,71523.01,35.56978736
1775648700,71523.01,71743.85,71487.9,71690.4,68.04653064
1775649600,71693.1,71864.67,71669.5,71846.02,97.17790106
1775650500,71846.01,71867.19,71578.53,71782.62,151.78144645
1775651400,71782.63,71970.19,71742.11,71948.71,174.99851001
1775652300,71948.7,72199.11,71900.01,72077.79,201.57692259
1775653200,72077.8,72785.56,72071.38,72630.23,474.62010197
1775654100,72625.92,72861.38,72413.0,72485.32,218.81410964
1775655000,72485.33,72605.62,71643.67,71666.42,324.78879397
1775655900,71663.06,71980.0,71500.01,71602.39,292.94042926
1775656800,71602.39,71750.67,71299.71,71504.07,242.8320995
1775657700,71504.15,71649.56,71342.0,71465.89,325.18491279
1775658600,71465.9,71524.01,70915.01,71080.01,268.36577449
1775659500,71080.02,71179.49,70684.65,70901.42,254.81502398
1775660400,70901.43,71101.5,70811.63,71100.53,140.32785424
1775661300,71100.53,71235.06,71044.03,71177.77,113.34323658
1775662200,71177.99,71338.44,71093.52,71200.63,224.18911167
1775663100,71200.63,71356.5,71185.46,71309.99,169.81445076
1775664000,71310.0,71435.81,71265.39,71342.48,142.95520574
1775664900,71342.48,71511.41,71268.76,71398.97,203.98113662
1775665800,71398.97,71503.0,71252.0,71464.73,259.19135785
1775666700,71464.72,71710.2,71430.53,71608.27,321.73611823
1775667600,71608.28,71813.12,71592.29,71794.01,257.48218173
1775668500,71794.01,71794.01,71490.17,71654.91,371.86252752
1775669400,71654.91,71972.26,71649.57,71871.99,324.7853766
1775670300,71871.98,71945.66,71831.55,71903.97,193.75461286
1775671200,71903.97,71903.98,71659.68,71720.37,143.04710358
1775672100,71720.37,71783.99,71305.84,71399.75,151.28384677
1775673000,71399.76,71632.1,71275.0,71319.79,269.32191293
1775673900,71319.31,71366.49,71082.02,71101.98,157.85512097
1775674800,71101.76,71279.86,71008.53,71276.98,88.2453154
1775675700,71276.99,71300.0,71127.33,71128.61,58.02912641
1775676600,71128.61,71354.0,71068.09,71314.26,97.32549696
1775677500,71314.25,71391.34,71256.71,71331.51,254.43848195
1775678400,71333.0,71468.0,71315.94,71450.21,104.63867502
1775679300,71450.2,71500.0,71380.87,71455.29,56.45874296
1775680200,71455.29,71455.29,71288.98,71315.5,45.63179295
1775681100,71315.5,71390.87,71282.24,71387.32,54.42829168
1775682000,71387.32,71600.43,71336.75,71531.14,87.24794101
1775682900,71530.15,71766.61,71530.15,71678.14,144.99927908
1775683800,71678.03,71729.4,71525.82,71554.43,133.22204645
1775684700,71554.43,71653.94,71518.66,71562.97,51.58244054
1775685600,71562.96,71584.44,71401.0,71458.02,66.42968897
1775686500,71458.02,71493.05,71148.69,71175.09,64.00174162
1775687400,71175.09,71373.23,71103.39,71243.96,46.2036022
1775688300,71243.96,71291.99,71068.09,71068.09,73.51889542
1775689200,71068.1,71186.36,70903.5,71171.98,93.57742249
1775690100,71171.98,71218.0,70918.28,71040.49,45.52864771
1775691000,71036.24,71149.52,70958.73,71087.76,43.43332203
1775691900,71085.98,71179.07,71076.82,71085.99,24.81443386
1775692800,71083.99,71146.92,70992.42,71013.13,46.16674389
1775693700,71013.13,71021.99,70888.01,70932.37,42.31241635
1775694600,70932.36,70947.0,70766.63,70814.53,68.2327105
1775695500,70814.91,70890.49,70653.75,70813.81,71.62925663
1775696400,70813.8,70891.31,70483.56,70671.0,71.9883346
1775697300,70671.0,70689.07,70468.74,70620.51,34.56383734
1775698200,70620.51,70856.17,70590.54,70768.65,41.41765759
1775699100,70768.65,70957.51,70704.85,70927.84,63.85681494
1775700000,70927.85,71025.99,70830.0,70841.92,47.11677199
1775700900,70844.13,71073.3,70815.0,71027.23,36.76218529
1775701800,71027.33,71099.99,70921.65,71049.79,53.57687772
1775702700,71048.22,71200.0,70999.16,71066.55,61.12138755
1775703600,71066.56,71126.99,70950.0,70992.93,61.12606369
1775704500,70992.92,71016.02,70870.76,70920.19,26.9456736
1775705400,70920.2,70994.98,70878.07,70914.32,35.49704903
1775706300,70915.39,71056.09,70851.26,70999.17,26.23874031
1775707200,70999.18,71023.87,70892.0,70918.95,18.70877175
1775708100,70918.96,70942.78,70807.07,70854.26,17.96963163
1775709000,70854.26,70940.99,70854.25,70877.85,15.19388468
1775709900,70877.85,70905.79,70744.0,70791.99,65.69422773
1775710800,70792.32,70877.0,70690.95,70874.47,25.54948181
1775711700,70874.47,71016.61,70852.0,70985.69,21.7357566
1775712600,70985.69,71098.51,70962.72,71053.09,20.44437307
1775713500,71053.09,71053.09,70918.28,70997.63,33.82416734
1775714400,70997.63,71096.0,70997.63,71023.45,33.67477479
1775715300,71023.46,71026.48,70845.0,70875.76,20.79301407
1775716200,70875.75,70986.0,70821.99,70944.13,27.94384495
1775717100,70944.13,71041.44,70916.23,71041.44,20.05450524
1775718000,71041.43,71128.5,71019.97,71100.35,44.77525469
1775718900,71100.35,71100.35,70985.97,71002.93,13.65442467
1775719800,71002.93,71090.33,70964.0,71017.89,39.60641135
1775720700,71016.78,71044.56,70960.97,70992.56,20.17596839
1775721600,70992.56,71024.99,70877.16,70958.75,21.88360243
1775722500,70958.74,71029.49,70904.05,70994.21,21.31697152
1775723400,70994.22,71363.49,70994.21,71337.01,72.12324834
1775724300,71337.02,71391.25,71216.18,71260.01,61.21411034
1775725200,71260.0,71346.13,71114.18,71333.99,56.29630001
1775726100,71333.99,71513.28,71237.08,71297.22,94.91553194
1775727000,71295.66,71358.6,71206.38,71288.37,28.42297111
1775727900,71288.38,71585.22,71279.07,71540.24,74.54359755
1775728800,71540.04,71548.49,71357.05,71388.99,46.18816541
1775729700,71388.98,71504.71,71385.0,71413.17,31.71169047
1775730600,71413.16,71450.91,71362.62,71421.21,31.9173496
1775731500,71421.22,71476.45,71284.5,71284.51,24.5522488
1775732400,71284.51,71368.2,71195.22,71202.0,40.35328499
1775733300,71206.38,71247.49,71055.81,71084.61,64.28381148
1775734200,71084.62,71218.5,71084.62,71175.68,35.97931753
1775735100,71175.69,71228.69,71140.0,71152.8,14.74459021
1775736000,71152.8,71254.5,71152.8,71200.88,39.07989716
1775736900,71200.87,71330.31,71045.0,71273.34,43.79266769
1775737800,71275.85,71316.71,71130.13,71210.0,63.16805022
1775738700,71210.0,71310.37,71095.0,71290.07,82.40450111
1775739600,71290.08,71362.49,71100.76,71111.2,60.07298646
1775740500,71111.2,71151.18,71058.49,71105.15,62.05158074
1775741400,71105.56,71176.98,70802.73,70893.9,186.09409078
1775742300,70893.62,70914.87,70623.2,70797.2,233.29451557
1775743200,70797.16,70849.26,70640.02,70785.1,187.49769281
1775744100,70785.1,70829.99,70511.78,70634.43,165.25735337
1775745000,70634.69,70918.0,70591.62,70893.9,120.54107484
1775745900,70893.9,71261.99,70892.99,71132.04,278.78263234
1775746800,71132.04,71371.33,70928.0,71348.67,165.38238828
1775747700,71349.01,71632.25,71337.2,71346.47,220.31923087
1775748600,71349.99,72239.38,71289.2,72082.45,514.82211315
1775749500,72082.44,72369.99,72051.56,72158.09,736.96646824
1775750400,72158.09,72416.25,72079.65,72189.09,348.74063492
1775751300,72187.03,72402.71,72053.62,72072.45,441.39580424
1775752200,72072.45,72091.64,71763.93,71990.44,402.5423427
1775753100,71990.44,72108.0,71744.44,72096.47,203.51363338
1775754000,72096.47,72534.28,72086.0,72497.91,350.75256011
1775754900,72497.91,72568.12,72243.29,72357.46,206.08130276
1775755800,72357.46,72540.76,72110.0,72435.59,261.94137877
1775756700,72435.59,72502.99,72272.99,72359.99,97.93840109
1775757600,72362.41,72394.0,71869.21,71910.44,100.57919826
1775758500,71910.9,72000.0,71774.35,71904.18,102.83259711
1775759400,71903.1,71959.39,71720.0,71852.94,127.35672289
1775760300,71852.94,71924.66,71748.48,71890.12,89.75555183
1775761200,71890.12,72145.51,71833.97,72037.44,148.73661297
1775762100,72037.44,72100.0,71750.0,71824.35,175.85160442
1775763000,71824.35,72168.81,71805.18,72122.83,162.21407936
1775763900,72122.84,72318.0,72013.03,72136.37,298.77466937
1775764800,72146.26,72209.64,71989.82,72202.53,127.41716978
1775765700,72203.02,72367.84,72178.14,72312.65,99.89963865
1775766600,72312.66,72475.14,72272.99,72440.01,130.06627407
1775767500,72440.02,72449.01,72302.16,72430.01,126.804688
1775768400,72430.0,72715.0,72213.37,72352.49,152.44604885
1775769300,72352.5,72374.98,72159.6,72188.14,102.85494061
1775770200,72188.13,72471.01,72154.0,72467.03,141.04621445
1775771100,72467.03,72484.92,72225.64,72277.86,83.76891519
1775772000,72280.49,72545.07,72264.87,72518.14,91.19242638
1775772900,72518.13,73147.81,72508.76,72642.54,312.06655682
1775773800,72642.54,72644.86,72300.0,72326.11,104.59161837
1775774700,72323.57,72468.95,71953.21,71953.22,148.47639175
1775775600,71953.22,72045.75,71760.0,71809.57,196.96504922
1775776500,71809.58,71925.04,71558.46,71798.75,135.25618045
1775777400,71798.74,71854.48,71625.99,71777.64,74.00526535
1775778300,71777.65,71840.69,71704.17,71798.01,53.59861336
1775779200,71798.01,71909.34,71709.32,71822.2,91.6897796
1775780100,71822.2,71846.67,71587.36,71833.97,67.51240891
1775781000,71833.97,71980.05,71797.18,71936.08,58.91845328
1775781900,71936.09,72034.48,71869.89,71977.66,60.83014409
1775782800,71976.01,72097.49,71823.13,72007.28,54.95601214
1775783700,72007.28,72054.84,71680.01,71886.09,98.45607765
1775784600,71888.15,72421.88,71869.2,72315.03,202.84136822
1775785500,72312.51,72373.26,72151.06,72172.56,59.37174801
1775786400,72170.6,72304.19,72122.04,72236.99,57.04222301
1775787300,72237.76,72271.83,72170.83,72179.4,66.95847113
1775788200,72179.41,72226.93,72125.0,72161.33,58.86428057
1775789100,72161.32,72161.32,71922.41,71968.13,66.61301278
1775790000,71968.61,72031.49,71844.86,71867.99,59.82561405
1775790900,71867.45,71947.33,71821.08,71821.08,20.1329165
1775791800,71821.08,71978.03,71818.27,71929.49,24.82941768
1775792700,71929.48,71965.48,71842.1,71882.19,21.29991853
1775793600,71882.19,71974.48,71876.32,71876.33,26.71077409
1775794500,71876.33,71960.21,71869.2,71878.0,34.4760522
1775795400,71878.01,71923.4,71818.28,71914.91,24.65618776
1775796300,71914.91,72230.69,71891.0,72125.99,88.10761723
1775797200,72125.99,72176.98,72016.89,72072.97,27.09337884
1775798100,72072.97,72284.72,72023.46,72235.58,39.57144574
1775799000,72235.59,72273.01,72161.88,72172.58,32.18225318
1775799900,72172.58,72230.45,72084.01,72138.54,24.37313541
1775800800,72138.53,72194.4,72067.03,72148.34,28.64200731
1775801700,72148.34,72148.34,71950.01,71973.5,13.53935979
1775802600,71973.49,72023.0,71882.75,71950.49,29.29133844
1775803500,71950.49,72004.32,71760.83,71809.58,42.28750618
1775804400,71806.87,71848.0,71714.74,71723.83,65.74398736
1775805300,71723.82,71790.0,71710.0,71738.0,28.5288034
1775806200,71738.01,71796.29,71654.0,71668.65,96.20771609
1775807100,71668.65,71709.16,71437.39,71493.99,85.37602792
1775808000,71495.04,71674.44,71431.55,71610.94,81.47794192
1775808900,71613.73,71703.73,71530.07,71651.02,26.80528034
1775809800,71651.04,71774.22,71620.49,71709.8,27.24195373
1775810700,71709.8,71721.36,71498.0,71611.98,35.58573989
1775811600,71611.98,71710.32,71599.01,71710.32,19.78254182
1775812500,71710.31,71867.42,71694.33,71773.94,43.87729746
1775813400,71773.94,71884.32,71751.74,71815.21,27.00648286
1775814300,71815.21,71844.29,71741.01,71787.6,36.67333783
1775815200,71784.84,71821.72,71726.89,71821.48,21.31250759
1775816100,71821.48,71833.1,71717.93,71746.45,16.20379952
1775817000,71746.45,71837.12,71735.17,71812.79,16.34642799
1775817900,71815.19,71947.95,71792.72,71917.27,37.82019827
1775818800,71917.28,72170.0,71910.13,72132.41,42.74467078
1775819700,72132.4,72230.99,72107.34,72229.38,44.59657724
1775820600,72223.69,72284.0,72154.68,72196.32,50.66422424
1775821500,72196.32,72274.37,72111.07,72147.83,30.09843283
1775822400,72149.16,72221.25,72098.67,72098.69,52.2973477
1775823300,72098.69,72331.38,72019.44,72196.35,73.30542502
1775824200,72200.0,72476.22,72057.87,72322.91,127.01219888
1775825100,72322.91,72419.64,72207.97,72273.05,39.21405245
1775826000,72273.02,72281.99,72199.9,72221.1,34.61800844
1775826900,72221.09,72316.21,72165.76,72314.74,54.21329884
1775827800,72314.76,72435.49,71899.6,72074.97,166.21170189
1775828700,72074.96,72400.0,72069.12,72347.0,154.13238419
1775829600,72345.9,72796.82,72287.15,72737.08,522.62270743
1775830500,72737.08,73114.21,72660.12,73002.62,415.14900633
1775831400,73002.61,73200.0,72789.09,72908.16,607.01730642
1775832300,72908.17,73000.0,72750.06,72953.12,217.83360533
1775833200,72953.11,73172.92,72892.0,73071.5,92.99251343
1775834100,73071.48,73339.39,72808.81,72825.44,204.96638265
1775835000,72825.45,72886.08,72639.78,72780.62,430.01296834
1775835900,72780.61,72807.87,72382.01,72482.98,184.32294664
1775836800,72482.99,72742.44,72410.0,72721.06,130.88913556
1775837700,72721.06,72840.7,72612.65,72797.98,189.74144316
1775838600,72798.0,72838.03,72629.9,72759.12,174.32421942
1775839500,72759.12,73082.2,72727.52,73021.3,208.42586509
1775840400,73021.31,73042.38,72839.99,72895.04,162.08920416
1775841300,72895.49,73057.2,72839.52,72995.84,139.41431624
1775842200,72994.74,72994.74,72828.13,72949.55,171.0169833
1775843100,72949.55,73184.16,72942.0,73152.07,150.40703104
1775844000,73152.07,73172.65,72907.59,73120.48,146.80075492
1775844900,73120.49,73195.0,72914.5,73016.2,138.60671442
1775845800,73016.19,73052.56,72955.53,72985.95,140.5443198
1775846700,72981.98,73154.28,72977.34,73150.0,158.29258221
1775847600,73150.0,73300.0,73112.4,73219.58,390.6877499
1775848500,73219.58,73233.84,73021.68,73037.97,166.60903709
1775849400,73037.97,73055.99,72944.09,72995.98,241.87831262
1775850300,72995.98,73314.59,72944.04,73286.01,272.46558686
1775851200,73286.01,73324.48,73181.4,73277.0,417.94507709
1775852100,73276.99,73317.79,73156.29,73291.53,105.39532975
1775853000,73291.53,73473.34,73089.33,73271.69,233.39605862
1775853900,73273.51,73477.87,73190.0,73400.01,121.87279082
1775854800,73400.0,73400.01,73056.48,73113.12,45.68877546
1775855700,73113.14,73215.0,73076.37,73131.72,39.18382005
1775856600,73131.72,73131.73,72971.28,73086.48,51.57675773
1775857500,73086.48,73254.51,73065.19,73222.7,30.70237256
1775858400,73225.01,73281.14,73132.0,73184.57,66.75154445
1775859300,73184.58,73233.54,73030.97,73044.64,65.36177739
1775860200,73043.4,73051.51,72802.0,72890.92,51.36495484
1775861100,72890.91,72936.0,72847.27,72907.5,38.82166089
1775862000,72907.51,72930.56,72807.65,72909.49,38.41314737
1775862900,72909.49,72977.09,72842.0,72926.97,40.26904224
1775863800,72926.98,72967.79,72866.77,72940.01,27.39676782
1775864700,72940.01,73000.0,72937.0,72997.88,19.12519378
1775865600,72997.88,72997.88,72846.65,72905.33,34.17009894
1775866500,72905.33,72951.97,72851.8,72936.47,22.83605071
1775867400,72936.47,72974.15,72872.1,72891.94,18.44411268
1775868300,72891.94,72891.94,72818.98,72867.99,15.83731828
1775869200,72868.0,72882.69,72795.0,72842.0,26.71078248
1775870100,72841.99,72879.15,72667.55,72872.29,52.72757351
1775871000,72872.29,72980.35,72861.24,72890.24,20.93035115
1775871900,72891.34,73040.3,72891.34,72998.0,17.94130643
1775872800,72998.0,73046.16,72941.28,73015.31,39.59754291
1775873700,73015.3,73090.0,73006.0,73032.02,21.19445799
1775874600,73032.01,73150.19,73025.49,73036.57,45.98290941
1775875500,73036.57,73036.57,72958.5,73008.01,26.44052943
1775876400,73008.01,73118.01,73008.0,73082.26,21.6318613
1775877300,73082.26,73118.19,73029.0,73034.46,23.66205141
1775878200,73034.46,73069.14,72957.15,73018.58,23.72349078
1775879100,73018.57,73024.79,72858.48,72909.53,24.76382435
1775880000,72909.53,72998.13,72850.2,72874.01,37.63615058
1775880900,72874.01,72881.39,72720.0,72765.0,99.66283058
1775881800,72764.99,72863.34,72764.99,72842.33,14.39192747
1775882700,72842.33,72875.44,72800.0,72849.03,10.89731851
1775883600,72849.04,72866.26,72734.01,72748.27,13.13451721
1775884500,72749.99,72852.42,72712.21,72852.42,21.87988876
1775885400,72852.42,72877.44,72836.01,72842.01,14.59879374
1775886300,72842.02,72842.02,72750.0,72763.44,10.97717352
1775887200,72763.44,72763.44,72650.0,72711.99,53.76329626
1775888100,72711.99,72767.23,72668.04,72723.25,16.16540468
1775889000,72723.25,72790.79,72716.41,72762.29,12.52086766
1775889900,72762.29,72811.29,72734.5,72803.28,13.69691898
1775890800,72803.28,72817.65,72776.0,72790.16,8.33637619
1775891700,72791.71,72875.73,72786.05,72833.21,17.15067561
1775892600,72833.2,72861.53,72775.68,72775.68,7.78059407
1775893500,72775.68,72791.85,72706.96,72791.84,16.37156218
1775894400,72791.85,72832.3,72749.13,72810.46,14.48324943
1775895300,72810.46,72844.02,72773.93,72775.85,10.8088736
1775896200,72775.85,72799.87,72715.3,72777.5,8.96210358
1775897100,72777.49,72792.27,72677.98,72701.16,16.42385849
1775898000,72701.17,72729.75,72668.04,72713.48,16.72869362
1775898900,72713.48,72941.28,72713.48,72903.51,20.79663618
1775899800,72903.51,72903.51,72797.54,72868.68,11.94658714
1775900700,72868.68,72954.0,72868.68,72953.25,16.35009979
1775901600,72953.25,72958.06,72829.77,72854.91,11.3068362
1775902500,72854.91,72922.31,72812.87,72903.12,8.52236843
1775903400,72903.12,72906.66,72806.04,72821.04,7.92228432
1775904300,72821.04,72884.7,72800.52,72882.26,6.34012918
1775905200,72882.26,72925.53,72856.94,72906.94,20.49768366
1775906100,72906.94,72918.44,72864.0,72866.44,21.76603129
1775907000,72866.44,72893.31,72861.08,72888.44,13.11475571
1775907900,72888.43,72953.01,72876.03,72947.62,61.38456351
1775908800,72947.93,72985.42,72912.45,72955.64,27.1655041
1775909700,72955.64,72983.26,72844.99,72892.0,15.68930566
1775910600,72891.99,73000.6,72876.02,72994.06,18.08285592
1775911500,72994.07,73023.19,72957.84,72972.81,25.37693944
1775912400,72972.81,72972.81,72564.35,72635.09,93.33230276
1775913300,72635.1,72807.99,72635.09,72654.19,44.85651047
1775914200,72654.18,72760.22,72612.84,72700.0,25.80425374
1775915100,72700.0,72740.67,72656.14,72690.13,56.93561497
1775916000,72690.13,72790.55,72648.99,72736.5,18.15290642
1775916900,72736.49,72809.64,72728.0,72750.01,18.47505822
1775917800,72750.01,72756.95,72626.76,72689.94,42.46091859
1775918700,72689.94,72769.22,72676.32,72742.56,9.507444
1775919600,72742.57,72773.08,72710.01,72737.03,14.96242238
1775920500,72737.04,72927.47,72709.94,72789.49,16.57910202
1775921400,72789.49,72847.46,72789.49,72807.25,12.57956915
1775922300,72807.25,72914.97,72781.2,72893.41,32.55474988
1775923200,72893.41,72915.0,72846.91,72906.09,15.58989996
1775924100,72906.1,72965.43,72884.0,72920.66,26.91759638
1775925000,72920.66,73247.97,72897.12,73141.49,51.38323859
1775925900,73141.49,73238.0,73071.0,73076.42,31.94878781
1775926800,73076.42,73108.56,73022.68,73043.06,16.68349487
1775927700,73040.64,73140.18,72976.7,73120.54,15.76491172
1775928600,73120.53,73207.72,73120.0,73188.02,18.03905981
1775929500,73188.01,73204.19,73090.6,73134.06,37.3612659
1775930400,73134.48,73148.28,73072.34,73148.28,17.6779716
1775931300,73148.28,73273.35,73148.27,73231.06,55.49723423
1775932200,73231.07,73749.0,73228.32,73506.0,169.86574325
1775933100,73507.07,73666.21,73454.88,73586.02,50.52964176
1775934000,73586.02,73810.24,73513.5,73606.91,79.0434272
1775934900,73606.91,73693.5,73504.32,73656.01,41.10075555
1775935800,73656.02,73822.95,73656.01,73730.01,47.28458672
1775936700,73730.01,73731.45,73642.32,73720.25,19.5748565
1775937600,73718.55,73727.26,73530.56,73537.44,45.24859286
1775938500,73531.92,73560.37,73432.57,73452.6,25.0162696
1775939400,73452.59,73459.44,73250.0,73396.77,54.93808403
1775940300,73396.76,73482.24,73320.96,73333.21,26.22511548
1775941200,73333.2,73475.0,73236.98,73454.0,37.52265314
1775942100,73454.01,73481.48,73358.39,73382.88,35.12743213
1775943000,73382.89,73515.33,73359.49,73477.88,36.32439882
1775943900,73477.87,73580.52,73445.5,73470.34,26.03808358
1775944800,73470.34,73576.0,73414.0,73540.19,27.56785965
1775945700,73540.2,73602.51,73436.0,73493.7,44.11396249
1775946600,73493.7,73504.31,73278.36,73363.76,38.35123647
1775947500,73363.76,73432.9,73300.08,73410.49,35.21394148
1775948400,73410.48,73410.48,72952.33,73082.42,63.73538748
1775949300,73082.42,73250.51,73071.15,73168.34,21.49582
1775950200,73168.33,73206.24,73106.0,73106.89,16.42030446
1775951100,73106.88,73151.04,73040.0,73086.0,22.90556203
1775952000,73085.99,73108.0,72913.68,73035.62,33.39542331
1775952900,73035.63,73143.71,72960.0,73111.14,23.76256488
1775953800,73111.13,73151.97,73021.32,73051.68,12.70224904
1775954700,73051.69,73123.0,73044.27,73112.65,14.84060619
1775955600,73112.67,73172.14,73018.97,73110.48,21.11633336
1775956500,73110.47,73120.02,73021.99,73051.68,13.66410651
1775957400,73051.69,73051.69,71603.17,71765.5,304.88730837
1775958300,71765.51,71765.51,71294.05,71676.55,170.62745648
1775959200,71676.54,71886.71,71382.01,71806.92,111.27640477
1775960100,71806.93,72002.88,71711.0,71809.69,66.85543198
1775961000,71809.69,71967.1,71809.68,71922.38,55.32522649
1775961900,71922.38,71939.4,71786.32,71791.75,79.3863086
1775962800,71791.75,71892.0,71662.11,71773.79,32.50528443
1775963700,71771.05,71806.5,71646.01,71756.02,30.85818424
1775964600,71756.02,71794.63,71625.54,71706.38,32.24741125
1775965500,71706.38,71730.06,71621.55,71621.55,25.4057088
1775966400,71621.55,71718.27,71548.98,71616.48,25.31162402
1775967300,71616.48,71668.92,71517.12,71549.73,26.59772527
1775968200,71549.72,71622.0,71522.64,71591.64,12.80326836
1775969100,71592.65,71612.0,71474.74,71503.61,42.60809796
1775970000,71503.61,71610.0,71442.91,71533.43,22.47865912
1775970900,71533.43,71701.81,71511.69,71697.93,18.4216169
1775971800,71697.94,71743.02,71647.0,71686.02,22.02402552
1775972700,71686.02,71816.3,71683.55,71730.02,13.80807043
1775973600,71730.01,71781.02,71713.38,71771.52,14.75977638
1775974500,71771.52,71779.99,71691.0,71741.6,15.23735885
1775975400,71741.6,71741.6,71680.55,71692.51,8.76206469
1775976300,71692.51,71722.17,71680.55,71689.0,14.54119942
1775977200,71689.0,71724.46,71619.94,71662.49,19.17855487
1775978100,71662.48,71687.75,71641.32,71663.4,8.34583576
1775979000,71663.4,71780.19,71658.3,71773.93,10.30299101
1775979900,71773.94,71785.63,71707.57,71707.58,14.81203856
1775980800,71707.58,71743.42,71671.43,71684.93,15.03680123
1775981700,71684.92,71746.17,71661.8,71733.11,6.84112453
1775982600,71733.11,71818.16,71718.6,71770.47,13.95311093
1775983500,71770.47,71770.47,71630.28,71664.18,8.14263993
1775984400,71664.19,71664.22,71582.84,71628.15,12.8816736
1775985300,71628.16,71660.64,71622.28,71627.53,7.7403528
1775986200,71627.52,71666.16,71592.79,71610.5,8.6570496
1775987100,71610.5,71613.43,71541.33,71571.84,10.19771202
1775988000,71571.84,71716.76,71547.63,71654.13,17.09617445
1775988900,71654.14,71688.24,71635.02,71635.18,3.76399189
1775989800,71635.17,71646.28,71545.88,71555.28,8.81167584
1775990700,71555.28,71558.28,71389.0,71486.54,35.90324722
1775991600,71486.53,71574.83,71450.89,71544.73,22.04729801
1775992500,71544.73,71571.09,71500.2,71547.48,15.1349204
1775993400,71547.48,71556.0,71444.0,71475.72,8.67268273
1775994300,71475.73,71511.73,71462.0,71495.41,10.00308696
1775995200,71495.04,71495.04,71363.78,71428.27,21.14159625
1775996100,71428.27,71475.02,71411.45,71436.49,6.51678127
1775997000,71436.49,71537.65,71365.32,71515.0,21.71842408
1775997900,71515.0,71515.0,71110.0,71116.92,102.22956599
1775998800,71116.92,71170.98,70942.78,71010.42,187.96790352
1775999700,71010.41,71147.28,71010.41,71078.4,45.87893224
1776000600,71078.4,71124.05,70960.0,71007.9,39.13894324
1776001500,71007.9,71046.0,70889.41,70921.91,57.18566594
1776002400,70922.3,71048.99,70891.68,71012.01,59.31081895
1776003300,71012.02,71124.05,71009.28,71107.28,38.75435824
1776004200,71107.29,71124.05,70801.0,70884.0,60.19132904
1776005100,70883.72,70914.88,70725.01,70774.68,68.68905976
1776006000,70774.68,70865.76,70766.02,70858.75,35.21450227
1776006900,70858.75,70874.03,70733.83,70743.98,26.87951489
1776007800,70743.97,70919.79,70631.46,70902.65,72.07977974
1776008700,70902.65,70964.84,70884.52,70922.08,44.2252095
1776009600,70922.07,70992.7,70861.11,70958.91,39.08096249
1776010500,70958.91,70973.94,70844.11,70954.73,18.4897636
1776011400,70954.74,70984.25,70868.83,70901.78,19.50082084
1776012300,70901.78,70971.1,70835.54,70962.38,42.14510852
1776013200,70963.51,71037.67,70926.96,70932.0,43.45882058
1776014100,70932.01,71038.3,70932.01,71022.31,46.10672121
1776015000,71022.31,71050.13,70981.68,71040.48,23.84983673
1776015900,71041.6,71225.25,70962.36,71168.12,58.36885026
1776016800,71169.59,71210.0,71077.09,71200.14,44.75224906
1776017700,71200.13,71244.66,71090.0,71113.36,24.80784615
1776018600,71113.35,71241.41,71113.35,71150.01,37.07230453
1776019500,71150.0,71200.5,71135.0,71163.59,22.21150436
1776020400,71163.57,71255.45,71162.33,71168.07,26.76671038
1776021300,71168.07,71208.03,71136.32,71195.28,20.92863496
1776022200,71195.28,71196.08,71112.15,71137.88,35.91598605
1776023100,71137.89,71154.22,71081.42,71121.13,61.63805829
1776024000,71121.12,71142.99,71016.9,71041.49,25.63457818
1776024900,71041.5,71108.46,70979.45,71083.72,32.2476214
1776025800,71083.72,71467.17,71083.72,71348.49,68.23586573
1776026700,71348.5,71410.0,71246.2,71364.9,57.22787007
1776027600,71364.9,71478.37,71187.99,71242.96,62.86998121
1776028500,71242.97,71363.91,71242.97,71334.97,33.34606336
1776029400,71334.97,71392.77,71256.15,71329.44,28.91794817
1776030300,71330.23,71393.19,71235.16,71393.04,26.33680083
1776031200,71391.19,71392.57,70707.98,70959.56,602.92889284
1776032100,70959.56,70976.3,70545.49,70673.99,122.81835373
1776033000,70672.99,70948.43,70512.7,70824.19,98.00484395
1776033900,70824.18,70939.49,70787.45,70912.75,46.74740651
1776034800,70912.75,70912.75,70628.58,70628.58,86.09328353
1776035700,70628.58,70773.81,70590.64,70720.74,94.73367127
1776036600,70720.73,70743.62,70573.2,70732.29,44.96422099
1776037500,70734.76,70808.24,70596.5,70755.35,35.98546695
1776038400,70755.35,70928.35,70616.81,70918.65,53.34187209
1776039300,70918.66,71099.03,70835.98,70992.72,55.21544685
1776040200,70989.97,71155.55,70962.36,71083.06,106.18222541
1776041100,71083.06,71286.46,71038.05,71192.38,38.71208103
1776042000,71191.32,71249.19,71121.22,71150.05,44.54096192
1776042900,71150.05,71186.0,71066.38,71112.0,54.61967019
1776043800,71112.0,71227.77,71031.7,71166.0,46.6378041
1776044700,71166.0,71242.0,71122.5,71209.06,33.94236087
1776045600,71209.06,71285.34,70998.25,71021.11,29.32377419
1776046500,71021.11,71277.0,71011.77,71235.0,27.16680548
1776047400,71235.0,71288.0,71050.94,71053.45,28.4722637
1776048300,71053.45,71101.53,71006.52,71094.12,25.7627222
1776049200,71095.99,71149.4,70994.19,71070.0,38.98448096
1776050100,71070.01,71165.75,71009.29,71050.68,41.5456945
1776051000,71047.92,71075.25,70931.93,71000.0,28.55379955
1776051900,70999.28,71019.01,70943.45,70998.24,21.90658639
1776052800,70995.48,71020.0,70921.3,70976.03,27.41188871
1776053700,70976.02,71060.3,70930.41,71049.94,31.76219234
1776054600,71049.94,71163.84,71035.89,71038.37,45.72935038
1776055500,71036.01,71036.01,70874.04,70913.71,42.38310828
1776056400,70913.71,70943.04,70802.98,70838.59,43.28644998
1776057300,70838.58,70889.07,70777.56,70871.29,21.7084274
1776058200,70871.28,70871.29,70689.12,70766.23,40.45982208
1776059100,70766.39,70912.68,70766.39,70904.06,32.93690113
1776060000,70904.07,71034.11,70898.04,71023.89,29.86093913
1776060900,71023.89,71102.02,70987.32,71048.01,44.6448561
1776061800,71048.01,71079.25,71019.0,71070.62,46.04153884
1776062700,71070.63,71134.02,71042.4,71050.58,33.20889671
1776063600,71050.58,71097.6,70909.13,70923.72,42.2201536
1776064500,70920.96,70936.49,70698.01,70732.95,59.59614986
1776065400,70739.99,70829.97,70704.62,70792.24,42.59064857
1776066300,70792.23,70863.0,70780.21,70842.01,13.94914008
1776067200,70842.01,70890.09,70722.25,70747.08,23.65843252
1776068100,70747.09,70846.68,70638.81,70778.96,37.52749019
1776069000,70781.43,70782.84,70600.07,70614.92,28.16978636
1776069900,70614.93,70721.99,70576.27,70693.85,33.02574278
1776070800,70693.85,70923.07,70693.85,70732.64,54.99870028
1776071700,70732.7,70829.88,70689.12,70809.06,18.47146493
1776072600,70809.06,70846.44,70771.92,70803.19,9.88386133
1776073500,70803.18,70826.0,70762.79,70805.99,5.36789402
1776074400,70805.99,70867.85,70768.02,70834.84,17.39984799
1776075300,70834.91,70834.91,70729.41,70771.96,20.89584928
1776076200,70771.97,70853.78,70695.85,70782.01,24.59610281
1776077100,70782.03,70822.57,70719.33,70767.62,26.42576574
1776078000,70769.99,70891.65,70750.0,70886.85,38.12896573
1776078900,70886.85,70939.49,70856.0,70880.98,37.14969344
1776079800,70880.98,70963.26,70817.19,70950.21,27.85187602
1776080700,70950.21,71011.35,70920.93,70942.98,45.05592962
1776081600,70943.03,71077.44,70855.02,70970.87,113.31394977
1776082500,70970.88,70992.01,70862.4,70864.11,42.44138934
1776083400,70864.13,70918.01,70762.64,70847.66,70.70180865
1776084300,70847.66,71250.0,70847.66,71088.5,101.15935852
1776085200,71091.25,71224.12,71085.84,71224.01,102.28511574
1776086100,71224.0,71292.92,71125.75,71200.46,199.54971492
1776087000,71200.47,71244.59,70831.95,71047.79,667.50366765
1776087900,71047.78,71714.82,70961.44,71683.38,698.43359643
1776088800,71683.37,71787.57,71482.18,71655.97,570.30199398
1776089700,71655.97,71764.14,71439.5,71678.99,499.8867905
1776090600,71678.99,72062.06,71639.12,72042.98,599.4784377
1776091500,72039.02,72479.99,71917.15,72450.0,506.83867665
1776092400,72447.76,72515.42,71950.32,71990.31,578.88959826
1776093300,71990.26,72064.71,71891.82,72003.08,306.38104869
1776094200,72003.08,72003.08,71678.68,71881.23,460.28863693
1776095100,71881.23,71972.76,71758.83,71894.19,373.47572458
1776096000,71894.19,72092.36,71705.63,72067.91,224.42566372
1776096900,72067.91,72304.12,71949.98,72276.13,282.42723349
1776097800,72277.41,72414.06,72200.39,72340.09,445.95533915
1776098700,72340.08,72486.57,72095.37,72250.0,312.96026765
1776099600,72250.0,72467.55,72184.41,72328.07,385.71584119
1776100500,72328.06,72484.35,72311.0,72484.35,152.71700664
1776101400,72484.35,72633.75,72413.99,72487.65,275.14521729
1776102300,72487.66,72556.18,72108.14,72202.02,494.73418466
