time,open,high,low,close,Volume
1776230100,74236.0,74271.63,74021.5,74042.43,39.84727927
1776231000,74042.43,74070.96,73902.8,73982.55,86.56814806
1776231900,73982.55,74076.55,73932.9,74047.15,50.16462908
1776232800,74047.15,74085.12,73956.87,73978.91,53.18121944
1776233700,73977.82,74058.2,73945.0,73955.19,18.86098096
1776234600,73955.19,74037.29,73927.93,74037.28,21.05722526
1776235500,74037.28,74056.8,73902.8,73924.0,19.86684084
1776236400,73923.99,74054.83,73862.0,73945.02,72.62995815
1776237300,73945.01,73946.05,73634.24,73743.83,113.23327559
1776238200,73743.83,73754.07,73611.24,73634.14,42.6004036
1776239100,73634.14,73817.06,73545.0,73771.35,79.43532375
1776240000,73771.35,73886.0,73706.0,73875.55,34.25643254
1776240900,73875.55,74031.77,73867.08,74025.13,35.19051002
1776241800,74025.53,74199.0,74000.0,74132.17,54.57351313
1776242700,74132.16,74219.13,74061.67,74139.99,27.16399429
1776243600,74139.99,74213.43,73985.52,74060.03,29.3326236
1776244500,74060.04,74112.75,73934.8,73980.02,41.21341664
1776245400,73980.03,74039.08,73930.25,73993.94,24.34172319
1776246300,73993.94,74058.83,73948.86,74033.46,28.94629954
1776247200,74033.0,74205.48,74005.26,74142.06,46.69736056
1776248100,74142.06,74148.0,73917.84,73934.84,59.32115268
1776249000,73934.85,74084.22,73818.64,74084.21,69.87118112
1776249900,74084.22,74277.98,73858.58,73890.9,71.68964975
1776250800,73890.9,74131.04,73890.9,74062.02,46.70009298
1776251700,74062.01,74067.0,73963.0,73995.88,36.69495589
1776252600,73995.88,74103.95,73980.0,74087.86,40.44567811
1776253500,74087.85,74287.82,74064.5,74232.72,89.92497472
1776254400,74232.73,74276.34,74073.84,74233.36,89.98457033
1776255300,74233.36,74293.33,74140.63,74211.36,52.33727504
1776256200,74211.36,74498.76,74199.32,74373.65,104.14462087
1776257100,74373.64,74395.0,74302.48,74302.48,58.21912244
1776258000,74302.48,74387.4,74202.02,74336.2,72.19116706
1776258900,74336.2,74470.0,74258.01,74423.51,58.83225826
1776259800,74423.51,74450.82,73853.01,73891.99,183.31328724
1776260700,73891.99,74160.79,73825.79,74069.62,118.67545703
1776261600,74071.96,74172.79,73839.16,74168.42,105.16657771
1776262500,74167.26,74541.06,74145.04,74454.73,218.86186112
1776263400,74454.73,74495.94,73930.0,73979.88,94.8405776
1776264300,73982.7,74280.82,73971.42,74168.81,76.25773038
1776265200,74168.82,74325.65,73981.36,74291.41,130.77375216
1776266100,74289.67,74319.6,73994.31,74052.6,88.74891558
1776267000,74052.6,74052.6,73604.79,73872.17,154.35206394
1776267900,73872.17,74012.0,73748.64,73861.45,67.24374101
1776268800,73861.45,74049.85,73776.84,74034.01,49.98882812
1776269700,74034.01,74206.09,73993.98,74109.62,71.0446198
1776270600,74109.62,74185.73,73882.0,73918.97,57.53023327
1776271500,73918.97,74049.55,73829.47,73953.68,56.30386496
1776272400,73953.71,74134.0,73926.32,74051.22,56.88295961
1776273300,74051.22,74269.99,73965.79,74140.61,78.92560761
1776274200,74140.62,74224.05,73929.99,73996.8,73.07513487
1776275100,73996.8,74191.38,73948.61,74154.99,71.57054444
1776276000,74154.99,74345.54,74085.0,74308.35,122.65988724
1776276900,74308.36,74389.38,74184.67,74222.41,132.76423972
1776277800,74222.69,74354.23,74208.7,74336.34,67.18372328
1776278700,74336.35,74434.99,74298.54,74414.41,100.01665935
1776279600,74414.4,74739.54,74380.32,74670.78,229.92761636
1776280500,74670.79,74767.4,74590.0,74754.96,176.03289964
1776281400,74754.96,75316.55,74752.86,75107.87,479.25488205
1776282300,75107.87,75181.07,74978.16,75048.06,377.42001183
1776283200,75045.99,75082.24,74628.68,74694.01,141.44167167
1776284100,74694.02,74813.54,74536.02,74797.66,121.64983221
1776285000,74797.65,74950.75,74650.37,74774.35,79.6633363
1776285900,74774.36,74913.22,74758.21,74872.14,69.1321051
1776286800,74872.15,74888.88,74742.35,74749.74,62.9215483
1776287700,74749.75,74749.75,74617.21,74662.33,41.31823577
1776288600,74662.33,74837.91,74570.52,74746.93,59.21364011
1776289500,74746.93,74852.56,74724.91,74765.38,47.88340789
1776290400,74765.37,75187.19,74755.39,75066.82,275.93152967
1776291300,75066.82,75078.77,74908.39,75008.01,69.26751368
1776292200,75008.01,75458.81,74938.69,75074.04,123.69284663
1776293100,75074.04,75235.19,74933.04,74992.25,111.86611345
1776294000,74992.25,74995.08,74724.36,74776.7,62.59505742
1776294900,74776.7,74792.0,74668.0,74763.74,50.1678771
1776295800,74763.74,74800.0,74639.0,74683.77,41.32617828
1776296700,74683.77,74883.94,74665.49,74836.31,37.97670777
1776297600,74839.97,74862.6,74622.84,74622.85,59.35506286
1776298500,74622.85,74682.06,74478.66,74626.93,52.48772961
1776299400,74626.94,74899.16,74626.94,74789.23,58.6615261
1776300300,74789.23,74876.64,74706.01,74834.35,56.63585082
1776301200,74834.36,74835.33,74483.85,74593.51,58.24348602
1776302100,74593.51,74710.26,74541.06,74634.13,34.11310425
1776303000,74634.13,74728.71,74597.46,74705.15,30.2711904
1776303900,74705.16,74738.79,74584.09,74681.46,37.66311597
1776304800,74681.46,74786.7,74614.38,74697.98,45.52519747
1776305700,74697.98,74929.66,74632.31,74915.01,77.21785189
1776306600,74915.01,75254.9,74915.0,75220.02,130.41887728
1776307500,75220.01,75299.67,74828.7,74901.14,76.56549039
1776308400,74901.13,75139.19,74887.92,74969.71,71.64515825
1776309300,74969.71,75178.37,74966.89,75057.39,64.96012743
1776310200,75054.3,75069.36,74964.06,74986.79,48.71751805
1776311100,74985.62,75009.03,74879.15,74901.17,40.38964915
1776312000,74901.16,75034.5,74834.83,74959.84,36.70117865
1776312900,74959.84,74997.13,74895.28,74945.94,49.61203516
1776313800,74945.94,75198.07,74881.11,75126.46,55.9916187
1776314700,75126.46,75126.46,74745.99,74964.65,103.97863213
1776315600,74964.65,75035.96,74914.56,74940.72,29.87511519
1776316500,74940.71,75138.61,74915.47,75092.26,37.74674917
1776317400,75092.25,75172.1,75034.56,75079.26,28.04458707
1776318300,75079.26,75097.8,75025.53,75060.65,17.67824069
1776319200,75062.76,75130.44,75020.46,75026.0,33.7601225
1776320100,75026.57,75100.0,75020.0,75034.0,30.74324858
1776321000,75037.43,75055.01,74871.66,74964.05,46.19885848
1776321900,74964.06,75060.63,74924.58,75048.66,35.89864113
1776322800,75048.66,75100.0,74904.84,74930.01,32.82510396
1776323700,74930.01,74963.68,74876.94,74924.69,29.37277741
1776324600,74922.77,74924.64,74840.1,74882.29,22.25843412
1776325500,74882.29,74882.29,74636.62,74721.55,54.15179273
1776326400,74721.55,74768.0,74525.14,74549.52,71.19285626
1776327300,74549.52,74749.99,74543.88,74701.81,45.77899197
1776328200,74701.81,74750.0,74574.9,74690.53,83.62862766
1776329100,74690.53,74761.02,74662.33,74697.71,55.46256279
1776330000,74697.71,74783.58,74644.17,74769.49,40.05683883
1776330900,74769.49,74927.84,74769.49,74840.14,58.65922802
1776331800,74840.14,74860.9,74707.75,74720.45,46.55673202
1776332700,74720.29,74745.71,74610.14,74612.67,48.57494339
1776333600,74611.88,74670.84,74400.0,74445.75,60.55599404
1776334500,74445.76,74541.69,74340.51,74474.86,34.36456927
1776335400,74474.85,74530.62,74394.1,74413.53,26.67407132
1776336300,74413.54,74422.65,74288.5,74325.74,22.67142727
1776337200,74325.75,74395.73,74298.16,74335.06,23.84085972
1776338100,74335.06,74408.85,74303.76,74394.1,34.68871963
1776339000,74394.1,74526.1,74362.01,74463.71,80.51723061
1776339900,74463.72,74602.78,74442.06,74593.33,41.54816128
1776340800,74593.33,74880.01,74584.2,74765.41,96.32201657
1776341700,74765.42,74827.6,74689.01,74731.31,46.24540785
1776342600,74731.31,74763.09,74619.18,74676.11,33.54858802
1776343500,74676.11,74679.56,74588.02,74632.87,52.58399395
1776344400,74632.87,74856.5,74599.0,74836.0,70.79081722
1776345300,74837.94,75038.98,74811.06,74988.01,109.57520974
1776346200,74992.08,75042.33,74500.0,74621.58,254.47390044
1776347100,74621.58,74622.86,73298.01,73788.46,583.21300654
1776348000,73790.19,73980.0,73588.01,73833.56,213.14053102
1776348900,73833.57,73910.69,73419.93,73778.0,210.41917245
1776349800,73779.65,74062.02,73760.98,73979.99,135.53118745
1776350700,73979.94,74207.0,73856.0,73973.2,139.33129798
1776351600,73973.21,74463.83,73938.45,74328.55,139.87160938
1776352500,74328.54,74434.67,74201.91,74204.8,254.53914945
1776353400,74202.21,74902.01,74183.66,74564.23,226.97497255
1776354300,74564.24,74814.0,74466.09,74720.99,126.28135045
1776355200,74721.0,74960.0,74663.46,74684.96,140.86495101
1776356100,74683.15,74900.0,74580.78,74589.99,101.99284549
1776357000,74589.99,74659.76,74239.12,74342.43,175.19849841
1776357900,74342.44,74439.91,74074.66,74186.03,80.36760591
1776358800,74186.03,74221.0,73963.78,73970.0,172.19707374
1776359700,73967.51,74287.82,73903.48,74222.0,126.01606084
1776360600,74225.86,74437.32,74102.58,74392.53,158.82174218
1776361500,74392.54,74465.99,74203.56,74354.87,72.07408949
1776362400,74354.86,74545.37,74250.01,74428.7,79.72560914
1776363300,74428.7,74512.35,74277.61,74418.02,67.16316848
1776364200,74418.02,74604.43,74362.4,74595.23,71.01247417
1776365100,74595.22,75108.81,74595.22,75052.22,158.00007483
1776366000,75052.23,75112.97,74753.03,74837.37,98.70883194
1776366900,74837.37,75094.13,74803.68,75044.71,158.12646027
1776367800,75039.85,75338.58,74988.18,75252.84,262.07168949
1776368700,75252.84,75436.56,75231.72,75378.0,184.30491954
1776369600,75378.32,75539.91,75252.11,75434.95,179.34232412
1776370500,75434.94,75450.0,75112.0,75209.58,85.08169547
1776371400,75209.57,75213.13,75014.02,75094.4,56.07374999
1776372300,75094.4,75269.88,75058.29,75245.99,66.74072409
1776373200,75245.99,75300.0,75152.44,75155.83,86.1947378
1776374100,75155.84,75186.02,74810.0,74944.0,104.40327193
1776375000,74944.0,75018.85,74855.38,74956.03,48.1935108
1776375900,74958.66,75045.32,74913.71,74953.73,44.52352651
1776376800,74953.73,75142.0,74953.73,74995.41,35.79236325
1776377700,74995.41,75007.65,74847.96,74947.84,42.1053082
1776378600,74947.84,75000.0,74903.32,74940.22,26.86442315
1776379500,74940.21,74993.37,74855.34,74888.49,29.03499011
1776380400,74888.5,75061.06,74846.01,75001.42,47.63785294
1776381300,75001.42,75139.45,74929.14,75044.53,50.04926452
1776382200,75044.52,75198.99,75025.17,75157.69,44.33516544
1776383100,75157.69,75191.82,75063.89,75163.09,30.61191491
1776384000,75163.09,75179.85,74961.5,74988.19,47.67200551
1776384900,74988.19,75034.01,74900.24,75030.01,57.28564067
1776385800,75030.01,75146.32,74976.14,74977.34,38.25529816
1776386700,74977.33,75012.73,74929.99,74960.61,27.69559154
1776387600,74960.62,75061.36,74900.01,74915.46,25.08576443
1776388500,74915.46,74958.66,74652.39,74780.19,53.82254359
1776389400,74780.18,74848.99,74680.0,74743.06,24.89561728
1776390300,74743.06,74860.5,74591.71,74763.89,33.39662086
1776391200,74763.89,74830.9,74663.95,74737.41,29.50203604
1776392100,74737.41,74756.45,74617.71,74617.71,27.86826462
1776393000,74615.49,74763.62,74558.21,74687.19,30.24968289
1776393900,74687.19,74732.27,74638.92,74728.67,18.56056943
1776394800,74729.95,74733.68,74626.56,74713.3,36.33767137
1776395700,74713.3,74787.76,74700.46,74753.99,31.67640041
1776396600,74754.0,74870.29,74694.19,74794.63,38.77093747
1776397500,74794.63,74832.85,74623.71,74633.16,26.92326681
1776398400,74633.16,74709.61,74601.62,74693.38,35.07717705
1776399300,74695.31,74822.85,74695.31,74770.48,54.38871522
1776400200,74771.33,74873.19,74759.4,74837.62,43.46322187
1776401100,74837.61,74860.0,74770.48,74810.01,32.22325684
1776402000,74810.0,74828.39,74575.0,74640.01,49.4115502
1776402900,74643.99,74778.0,74622.53,74692.68,19.54545324
1776403800,74692.67,74717.33,74626.56,74672.94,16.97721518
1776404700,74672.94,74745.99,74649.68,74656.56,21.10190595
1776405600,74656.57,74800.0,74611.72,74775.99,31.29395209
1776406500,74776.0,74831.18,74745.68,74828.37,33.42082456
1776407400,74828.36,74879.63,74781.54,74873.62,27.90159333
1776408300,74870.1,74964.25,74833.5,74954.74,32.01111869
1776409200,74954.74,75122.61,74954.74,75057.79,62.24029591
1776410100,75057.5,75057.5,74954.7,74993.99,31.59336927
1776411000,74996.98,75034.01,74956.42,75032.01,23.03897586
1776411900,75032.02,75097.5,74958.75,75094.02,31.98687766
1776412800,75094.02,75186.66,75027.0,75082.5,46.13443063
1776413700,75082.51,75183.04,75011.31,75123.76,47.76344309
1776414600,75123.75,75438.74,75117.41,75363.77,105.53844645
1776415500,75363.81,75895.99,75303.76,75806.24,232.59854813
1776416400,75803.58,75945.54,75645.01,75913.06,232.90600272
1776417300,75913.05,76386.68,75739.76,76307.2,209.15957306
1776418200,76307.2,76352.4,75541.61,75776.07,168.93084347
1776419100,75776.25,75930.39,75687.72,75811.48,83.95011855
1776420000,75811.47,75914.99,75632.01,75650.11,73.14530449
1776420900,75650.1,75760.68,75232.46,75259.49,112.51711495
1776421800,75257.39,75382.54,75120.11,75210.0,100.85928288
1776422700,75212.64,75333.37,75123.88,75301.11,26.36506386
1776423600,75301.1,75444.41,75265.01,75342.01,55.57008459
1776424500,75342.0,75519.51,75333.76,75494.03,33.7459796
1776425400,75494.03,75602.98,75410.27,75413.31,49.36205666
1776426300,75413.31,75638.72,75381.54,75622.58,65.51736578
1776427200,75622.59,75750.0,75557.99,75714.26,93.21347546
1776428100,75714.25,76016.24,75655.31,75807.03,127.6607287
1776429000,75807.03,75944.99,75672.89,75778.01,95.65898589
1776429900,75778.01,76313.68,75754.11,76263.95,304.68998645
1776430800,76270.22,76949.62,76094.41,76940.0,618.0528223
1776431700,76940.01,77037.56,76480.0,76630.01,577.46241678
1776432600,76630.02,76980.29,76183.81,76925.99,664.57131862
1776433500,76931.25,77467.99,76666.0,77388.0,656.85295169
1776434400,77388.01,77540.0,77055.0,77136.01,591.99679532
1776435300,77136.0,77818.02,77126.29,77527.5,728.51851148
1776436200,77528.49,78170.0,77528.49,78087.99,963.99798467
1776437100,78087.99,78159.0,77800.0,77987.99,455.19422338
1776438000,77986.02,78050.0,77616.0,77891.24,861.94315149
1776438900,77891.24,78071.14,77730.0,77805.89,546.65215071
1776439800,77801.25,77917.38,77512.5,77574.18,350.38811901
1776440700,77574.19,77945.69,77493.07,77843.27,479.72187301
1776441600,77843.17,78108.14,77773.51,77924.99,323.08379204
1776442500,77925.0,78390.0,77850.01,78225.01,341.08840864
1776443400,78225.0,78348.25,78026.25,78135.01,270.26810826
1776444300,78135.01,78150.0,77838.75,77907.27,232.08122313
1776445200,77907.28,77974.06,77400.0,77553.75,242.9603649
1776446100,77553.75,77650.14,77150.0,77281.82,255.56293562
1776447000,77281.83,77589.99,77281.83,77504.99,141.27040168
1776447900,77504.99,77710.0,77465.0,77563.51,132.27617084
1776448800,77563.51,77613.74,77128.0,77187.88,160.7814344
1776449700,77187.87,77408.38,77133.75,77241.84,100.0759098
1776450600,77241.83,77430.0,77176.01,77420.38,90.42916832
1776451500,77420.38,77425.08,77109.04,77207.66,140.08288183
1776452400,77206.98,77306.25,77045.52,77264.99,111.83808064
1776453300,77264.99,77426.62,77264.99,77311.79,141.27788952
1776454200,77311.8,77449.86,77250.0,77395.03,163.44771746
1776455100,77395.02,77530.01,77264.45,77453.07,507.50626715
1776456000,77453.08,77651.24,77385.75,77553.75,290.88287722
1776456900,77553.75,77561.25,77392.5,77404.24,62.40813279
1776457800,77404.24,77434.47,77181.58,77284.35,70.83932363
1776458700,77284.35,77400.0,77226.92,77366.97,93.83517047
1776459600,77366.97,77452.5,77347.5,77419.99,57.4859765
1776460500,77419.99,77527.49,77310.01,77471.26,50.67080561
1776461400,77471.26,77471.26,77310.0,77441.25,44.65658351
1776462300,77441.24,77531.25,77400.01,77475.0,32.88234466
1776463200,77475.0,77553.9,77404.62,77452.5,62.85944688
1776464100,77452.5,77493.96,77340.01,77418.75,59.669451
1776465000,77418.76,77517.58,77366.25,77447.91,52.64315947
1776465900,77447.92,77482.33,77294.79,77321.96,54.94241015
1776466800,77328.01,77337.86,77197.51,77232.5,53.79111795
1776467700,77232.5,77232.51,76931.0,77077.99,128.11955885
1776468600,77077.51,77156.25,77018.02,77069.52,59.85472384
1776469500,77069.53,77178.0,77069.53,77098.01,31.01610514
1776470400,77098.01,77236.69,77068.2,77133.74,50.05449001
1776471300,77133.75,77267.66,77133.74,77255.98,25.52823047
1776472200,77255.97,77287.47,77047.49,77047.5,42.88464402
1776473100,77047.5,77247.08,77010.0,77203.97,39.60018351
1776474000,77203.97,77358.75,77148.75,77347.54,51.92310415
1776474900,77347.54,77374.07,77299.5,77331.36,46.52900168
1776475800,77331.35,77348.62,77229.0,77231.24,40.07338285
1776476700,77231.24,77346.59,77171.25,77251.97,51.29837064
1776477600,77251.98,77324.99,77150.01,77321.02,39.63523662
1776478500,77321.01,77450.15,77317.82,77356.57,52.5322811
1776479400,77356.58,77437.09,77290.01,77355.0,36.58073959
1776480300,77355.0,77368.42,77304.26,77325.61,18.86838506
1776481200,77325.61,77328.75,77257.51,77287.51,24.65282581
1776482100,77287.51,77298.0,77191.91,77212.49,20.86559582
1776483000,77212.49,77230.71,77147.84,77195.0,35.79595364
1776483900,77195.01,77255.0,77000.0,77043.74,78.78336179
1776484800,77043.74,77137.72,77000.0,77118.76,32.68221065
1776485700,77116.01,77116.01,76992.0,77029.89,41.76907607
1776486600,77029.88,77118.75,76926.92,77024.06,41.09430204
1776487500,77024.06,77208.76,77024.06,77148.75,33.82388043
1776488400,77144.02,77308.84,77144.01,77239.0,20.33625611
1776489300,77239.0,77257.35,77171.26,77190.0,21.95742547
1776490200,77190.0,77228.23,77150.0,77185.72,20.7472593
1776491100,77185.72,77189.96,77150.01,77167.13,8.02528277
1776492000,77164.46,77253.75,77133.76,77201.26,32.60733711
1776492900,77201.26,77215.3,77091.0,77121.26,26.25930891
1776493800,77121.26,77175.0,77118.52,77174.99,14.27505918
1776494700,77174.99,77190.0,77130.69,77160.01,30.23170901
1776495600,77160.0,77162.02,77083.48,77103.75,12.11437172
1776496500,77103.74,77127.19,77070.12,77111.26,36.86942796
1776497400,77111.26,77115.0,77000.0,77066.6,34.77193863
1776498300,77066.61,77066.61,76923.08,77020.01,23.20060701
1776499200,77020.02,77070.98,76830.0,76834.0,90.45142589
1776500100,76834.0,76886.25,76661.15,76717.51,101.67995597
1776501000,76717.5,76793.58,76517.02,76577.99,51.37629113
1776501900,76577.98,76815.0,76567.5,76760.02,27.41934912
1776502800,76760.02,76760.02,76486.18,76567.52,60.79984845
1776503700,76567.52,76612.09,76420.01,76608.28,34.64604489
1776504600,76608.27,76703.66,76585.58,76656.62,19.18362173
1776505500,76656.63,76725.0,76558.01,76631.26,23.71646126
1776506400,76631.26,76631.26,76240.0,76328.42,91.59351317
1776507300,76328.42,76421.07,76316.25,76357.58,31.97971281
1776508200,76357.57,76357.58,76254.0,76257.84,39.25959693
1776509100,76257.85,76328.84,76161.55,76222.49,45.80487036
1776510000,76222.49,76222.5,75940.0,75980.97,90.94519644
1776510900,75980.53,76128.75,75963.0,76100.65,39.93796975
1776511800,76100.66,76200.46,75793.85,75877.28,55.68874533
1776512700,75877.28,76121.19,75818.08,76069.46,48.41448252
1776513600,76069.46,76256.0,76069.46,76241.27,59.56098742
1776514500,76241.27,76335.04,76158.76,76177.51,40.89638764
1776515400,76177.5,76252.5,76076.26,76210.81,32.87470099
1776516300,76210.81,76304.84,76206.97,76239.75,50.18867794
1776517200,76239.75,76239.76,76163.52,76193.0,33.09448982
1776518100,76194.18,76248.74,76087.5,76118.66,37.40384832
1776519000,76118.66,76128.75,75822.46,75980.13,57.52669059
1776519900,75980.13,76198.59,75926.26,76148.64,58.76493968
1776520800,76148.64,76205.59,76102.5,76200.1,20.79201763
1776521700,76200.1,76218.75,76006.0,76174.57,36.32997219
1776522600,76174.56,76326.27,76174.56,76222.49,118.63501596
1776523500,76222.49,76294.02,76196.25,76280.61,28.82117146
1776524400,76280.61,76391.85,76155.0,76246.3,55.98241697
1776525300,76246.3,76300.0,76170.0,76234.66,35.69020424
1776526200,76234.66,76264.0,76160.18,76161.51,22.90711747
1776527100,76161.5,76221.54,76042.77,76191.72,47.24711269
1776528000,76191.72,76249.99,76055.94,76221.55,52.87231268
1776528900,76221.55,76221.55,75706.19,76114.95,149.55809564
1776529800,76114.95,76160.86,76014.25,76022.01,28.81402593
1776530700,76022.01,76052.99,75885.96,75968.12,52.72326173
1776531600,75968.11,75988.98,75809.9,75864.54,47.12736145
1776532500,75864.53,75936.99,75819.98,75882.57,40.78502421
1776533400,75882.58,75930.24,75875.87,75908.22,34.33680767
1776534300,75908.21,75932.33,75850.42,75852.13,21.78451631
1776535200,75852.13,75886.9,75719.69,75832.83,56.29537885
1776536100,75832.84,75832.84,75601.84,75690.56,72.05560419
1776537000,75690.56,75710.02,75473.81,75598.19,120.09316982
1776537900,75601.38,75777.27,75553.89,75672.45,101.03336732
1776538800,75672.44,75823.71,75644.5,75784.02,57.73072169
1776539700,75784.01,75834.45,75655.0,75725.97,37.83270733
1776540600,75725.97,75733.51,75611.07,75625.04,23.14613783
1776541500,75625.03,75707.97,75604.5,75678.9,29.27740201
1776542400,75678.91,75749.23,75633.62,75725.65,29.79510634
1776543300,75725.66,75830.95,75698.21,75746.79,52.25390868
1776544200,75746.8,75829.46,75730.58,75821.05,43.47229395
1776545100,75821.05,75882.95,75754.52,75784.94,40.94008168
1776546000,75784.94,75875.83,75734.84,75758.87,33.37771433
1776546900,75756.43,75800.97,75628.41,75780.57,29.8772603
1776547800,75780.56,75782.59,75699.28,75760.01,16.23764309
1776548700,75760.02,75858.73,75760.02,75854.57,30.80693173
1776549600,75854.57,75856.19,75641.46,75644.12,89.59635862
1776550500,75644.11,75758.28,75643.38,75756.12,56.5596669
1776551400,75756.12,75855.34,75756.12,75817.78,34.9450824
1776552300,75817.78,75914.69,75811.55,75849.35,47.54621004
1776553200,75849.37,75934.12,75842.67,75856.55,30.39598204
1776554100,75856.55,75890.0,75748.77,75843.64,68.73994068
1776555000,75843.63,75843.64,75730.59,75782.27,17.89815783
1776555900,75782.27,75806.88,75730.58,75736.82,21.45043664
1776556800,75736.0,75884.01,75720.0,75810.01,20.36791059
1776557700,75810.0,75810.0,75611.07,75653.05,30.58306731
1776558600,75653.06,75683.43,75590.17,75614.3,26.93879113
1776559500,75614.3,75723.18,75611.05,75708.01,19.02181352
1776560400,75708.0,75827.3,75654.0,75714.43,33.41292048
1776561300,75714.43,75726.96,75570.0,75578.78,40.62168861
1776562200,75578.79,75613.48,75477.45,75576.51,36.73050269
1776563100,75576.51,75675.05,75576.5,75652.1,22.06373994
1776564000,75652.1,75683.15,75608.0,75668.18,19.27277286
1776564900,75668.17,75714.34,75388.96,75527.09,71.09515943
1776565800,75527.09,75750.0,75476.62,75672.51,41.03545769
1776566700,75672.51,75718.26,75523.86,75523.86,16.00934873
1776567600,75523.87,75579.45,75391.43,75569.09,43.86923823
1776568500,75569.09,75591.25,75498.03,75559.38,22.30073714
1776569400,75559.38,75648.67,75523.86,75632.91,21.66745163
1776570300,75632.91,75675.67,75540.03,75546.49,20.89908871
1776571200,75546.49,75772.57,75546.49,75737.04,33.480183
1776572100,75737.04,75817.74,75695.05,75717.58,37.08233505
1776573000,75717.58,75717.58,75450.01,75577.55,62.62844207
1776573900,75577.56,75741.99,75540.01,75700.01,20.94694536
1776574800,75700.0,75726.06,75559.39,75592.48,26.89846348
1776575700,75592.48,75604.61,75549.68,75600.02,7.89707289
1776576600,75600.02,75703.51,75600.01,75632.02,10.9961249
1776577500,75632.01,75636.91,75565.01,75580.01,9.54974858
1776578400,75580.01,75584.79,75432.5,75437.1,50.20150039
1776579300,75437.1,75478.0,75323.74,75442.77,50.590319
1776580200,75442.78,75523.86,75442.78,75462.49,26.8810498
1776581100,75462.49,75464.53,75404.35,75434.5,10.18708475
1776582000,75434.49,75434.92,75255.55,75275.14,44.03255926
1776582900,75275.15,75277.48,74922.47,75022.51,138.43436866
1776583800,75022.52,75268.69,75022.51,75224.0,57.37404384
1776584700,75224.01,75336.8,75178.66,75291.12,23.48171024
1776585600,75291.11,75319.53,75213.96,75300.04,18.20048671
1776586500,75300.03,75336.52,75180.01,75180.01,23.95717681
1776587400,75180.0,75291.49,75107.2,75265.48,25.3474373
1776588300,75265.49,75309.0,75213.79,75293.17,28.05334093
1776589200,75293.17,75308.9,75200.01,75209.05,22.48054568
1776590100,75209.05,75220.24,75000.0,75123.99,38.47921315
1776591000,75123.99,75204.0,75090.04,75100.74,25.68560768
1776591900,75100.73,75101.36,74961.83,75055.42,25.51682023
1776592800,75055.42,75122.99,74971.53,75068.89,35.67895597
1776593700,75068.89,75162.43,75029.68,75119.48,33.28480841
1776594600,75115.36,75147.15,75078.14,75120.12,17.2758543
1776595500,75120.11,75272.65,75084.06,75246.08,29.21013299
1776596400,75246.09,75505.08,75239.53,75454.55,51.46333481
1776597300,75454.56,75575.54,75378.51,75415.0,44.69218065
1776598200,75410.82,75569.71,75410.81,75551.34,28.17282878
1776599100,75551.34,75662.75,75530.02,75637.52,28.08517269
1776600000,75637.52,75723.28,75543.25,75708.21,67.40474584
1776600900,75707.83,75732.6,75533.56,75546.48,48.03489539
1776601800,75546.49,75585.23,75467.69,75540.3,45.95101664
1776602700,75540.29,75726.93,75493.51,75611.92,30.44862218
1776603600,75611.91,75831.4,75588.34,75808.92,80.77701536
1776604500,75808.93,76278.36,75762.91,76081.5,128.35524573
1776605400,76081.49,76179.84,75971.01,76075.95,48.80695083
1776606300,76075.94,76075.95,75901.77,75963.14,34.87769279
1776607200,75963.14,76048.02,75707.98,75826.41,55.31038461
1776608100,75826.41,76068.06,75791.96,76000.19,87.91556565
1776609000,76000.2,76046.89,75823.53,76020.43,81.0760786
1776609900,76020.42,76180.58,75980.99,76064.95,81.83671593
1776610800,76064.94,76082.09,75911.46,76045.75,64.57025699
1776611700,76045.75,76193.12,75930.0,76001.9,63.34093796
1776612600,76001.9,76024.5,75450.47,75759.66,121.97753211
1776613500,75759.65,75916.5,75725.01,75885.62,90.03840012
1776614400,75885.61,75910.61,75659.53,75701.83,97.1828054
1776615300,75701.82,75798.41,75577.18,75600.14,48.27072671
1776616200,75600.14,75730.5,75532.47,75595.42,33.70456982
1776617100,75595.41,75670.24,75333.0,75417.16,82.31842587
1776618000,75417.5,75419.99,75050.47,75295.59,181.52625865
1776618900,75295.59,75411.78,75200.0,75300.46,56.29733384
1776619800,75300.45,75387.0,75113.65,75220.15,67.15372802
1776620700,75220.15,75239.99,74676.91,74820.85,146.73252602
1776621600,74820.85,74939.08,74701.17,74864.92,78.62371576
1776622500,74864.92,74902.0,74626.17,74838.61,61.30197145
1776623400,74838.61,74852.0,74676.0,74731.96,47.24787266
1776624300,74731.97,74849.99,74636.95,74806.71,57.22391886
1776625200,74806.71,75013.52,74806.71,74980.01,51.72034513
1776626100,74980.01,75076.1,74877.86,74987.94,51.89164912
1776627000,74987.94,75120.09,74959.01,74994.15,63.42276692
1776627900,74994.15,75058.0,74916.62,74985.04,47.42688335
1776628800,74985.04,74989.22,74719.33,74832.63,105.57528098
1776629700,74832.64,74835.59,74670.46,74789.32,39.51758724
1776630600,74789.31,74905.76,74505.01,74569.82,67.01840177
1776631500,74577.61,74750.93,74458.0,74662.56,81.52142088
1776632400,74662.56,74774.68,74600.01,74719.6,60.77773407
1776633300,74719.6,74800.0,74605.0,74776.0,34.47111194
1776634200,74777.73,74844.01,74748.66,74772.93,20.94465926
1776635100,74772.93,74827.54,74400.01,74457.97,82.60177992
1776636000,74457.97,74469.98,73841.03,74047.1,548.2425045
1776636900,74047.1,74099.99,73777.86,73976.69,139.26106533
1776637800,73976.69,74209.48,73946.66,74166.0,102.90860004
1776638700,74167.24,74235.09,74060.67,74072.54,47.25666987
1776639600,74067.02,74080.05,73853.95,74052.14,93.31931512
1776640500,74053.97,74053.97,73819.99,73915.31,68.42640675
1776641400,73915.32,73988.0,73847.49,73921.77,65.24949522
1776642300,73921.78,74008.03,73815.19,73823.14,45.34578916
1776643200,73823.27,74215.0,73741.53,74070.36,151.72668298
1776644100,74070.36,74313.93,74070.36,74260.94,74.1217222
1776645000,74260.95,74309.38,74175.0,74206.21,42.1439643
1776645900,74206.22,74388.84,74192.79,74305.3,53.45408045
1776646800,74305.3,74395.74,74253.01,74390.59,72.74751694
1776647700,74390.6,74390.6,74238.84,74325.52,65.02467306
1776648600,74325.53,74744.58,74325.52,74712.59,99.678715
1776649500,74716.35,74781.95,74583.93,74621.43,80.39604102
1776650400,74621.43,74661.45,74367.53,74425.33,49.20477347
1776651300,74423.01,74509.41,74334.01,74484.51,51.54872674
1776652200,74484.55,74557.47,74433.99,74553.03,39.42751093
1776653100,74553.02,74553.03,74427.23,74439.9,39.80190366
1776654000,74439.91,74528.0,74390.13,74527.99,40.15960107
1776654900,74527.99,74614.39,74426.38,74547.69,63.59467186
1776655800,74547.69,74616.51,74492.89,74607.48,14.11149804
1776656700,74607.48,74685.15,74580.7,74667.9,32.30405377
1776657600,74667.9,74672.96,74536.14,74543.37,35.80069412
1776658500,74542.01,74561.04,74468.02,74538.47,51.86555845
1776659400,74538.47,74558.3,74467.84,74501.96,23.9414081
1776660300,74501.97,74648.0,74501.96,74590.39,25.2185247
1776661200,74589.28,74590.4,74290.82,74387.32,71.8221054
1776662100,74387.32,74387.32,74160.82,74172.35,52.63281252
1776663000,74172.35,74255.0,74136.03,74147.89,39.19363392
1776663900,74147.89,74336.82,74128.51,74298.45,19.29237543
1776664800,74299.01,74490.66,74291.26,74328.75,66.54228912
1776665700,74328.75,74430.0,74280.31,74370.75,31.56418212
1776666600,74370.76,74919.99,74370.76,74808.01,71.33894891
1776667500,74808.01,74860.8,74677.32,74820.18,50.4948402
1776668400,74820.18,74896.02,74723.11,74830.69,46.5026198
1776669300,74830.69,75600.0,74747.0,75242.5,145.25735268
1776670200,75242.5,75279.61,74878.93,74971.68,60.94883476
1776671100,74971.68,75042.16,74693.44,74857.39,64.51970777
1776672000,74860.01,74901.19,74686.0,74852.97,84.42580353
1776672900,74852.96,75029.01,74737.95,74852.23,40.75840803
1776673800,74852.23,74963.73,74778.77,74854.01,94.3621897
1776674700,74854.02,74890.06,74646.93,74758.01,62.89082022
1776675600,74758.01,75119.57,74726.1,75067.05,70.02112255
1776676500,75067.06,75184.62,75025.01,75062.83,43.3388224
1776677400,75060.01,75229.49,75000.01,75196.0,29.64430131
1776678300,75194.01,75269.65,75053.3,75100.44,58.11659265
1776679200,75100.45,75389.79,75100.45,75373.38,83.42138631
1776680100,75372.36,75439.86,75296.42,75340.82,37.89149312
1776681000,75340.82,75340.83,75172.13,75206.35,26.7006548
1776681900,75206.34,75231.38,75038.96,75068.69,20.13905514
1776682800,75068.73,75214.85,74990.0,75207.93,43.5757523
1776683700,75207.94,75300.0,75086.7,75200.03,55.89329345
1776684600,75200.04,75318.27,75107.01,75254.8,57.00967159
1776685500,75254.8,75319.18,75180.01,75223.96,57.53353249
1776686400,75220.26,75430.02,75107.99,75382.94,93.36060295
1776687300,75382.93,75685.2,75327.85,75450.17,142.20667012
1776688200,75450.24,75498.57,75094.06,75245.12,133.44010924
1776689100,75245.12,75420.59,75245.11,75322.87,81.10236997
1776690000,75323.53,75394.61,75157.18,75266.62,126.50440463
1776690900,75266.62,75313.0,75032.3,75226.65,125.3439979
1776691800,75231.53,75481.79,74895.26,75271.98,270.52683531
1776692700,75270.85,75362.0,75005.07,75307.98,167.54099488
1776693600,75307.05,75347.99,75069.08,75114.3,141.7122888
1776694500,75114.3,75812.71,75070.0,75615.25,235.12347498
1776695400,75615.25,75724.19,75233.71,75372.36,165.25755204
1776696300,75372.36,75475.39,74936.01,75071.84,174.89732934
1776697200,75072.98,75121.71,74730.01,75090.41,124.8257039
1776698100,75094.16,75816.18,75074.01,75792.0,213.47232071
1776699000,75790.01,75790.01,75548.0,75620.93,168.66854015
1776699900,75624.63,75769.33,75574.02,75747.08,143.57458486
1776700800,75747.07,75761.0,75441.01,75452.04,85.70216523
1776701700,75452.03,75562.58,75350.34,75389.99,84.29021779
1776702600,75389.99,75605.16,75338.04,75520.05,71.82920104
1776703500,75520.05,75601.16,75326.01,75378.79,59.07965967
1776704400,75382.0,75732.23,75322.0,75676.58,153.41168976
1776705300,75676.59,75925.14,75637.06,75758.21,172.96741326
1776706200,75758.2,75887.99,75636.63,75791.59,119.93144679
1776707100,75791.6,76000.0,75725.97,75937.31,105.47263389
1776708000,75937.31,76343.11,75937.31,76323.15,278.53791282
1776708900,76323.15,76359.81,76115.09,76141.66,284.5994251
1776709800,76143.16,76307.27,76029.03,76207.12,138.12791444
1776710700,76207.12,76490.36,76126.69,76466.0,248.23736406
1776711600,76466.25,76528.01,76333.25,76388.9,453.84146296
1776712500,76388.9,76388.9,76202.84,76241.12,139.15358609
1776713400,76241.12,76303.39,76184.85,76291.33,143.93067123
1776714300,76291.98,76369.62,76240.51,76337.42,219.81882319
1776715200,76337.48,76411.99,76151.25,76373.36,204.17838178
1776716100,76370.39,76600.0,76344.39,76365.91,142.75602585
1776717000,76365.91,76373.06,76244.68,76288.01,54.95416934
1776717900,76288.01,76355.0,76277.17,76317.28,56.3997952
1776718800,76317.28,76405.74,75953.71,76040.5,131.7751067
1776719700,76040.5,76083.6,75891.53,75958.47,46.46130247
1776720600,75958.47,75983.65,75812.99,75917.78,42.92247033
1776721500,75917.78,76008.91,75895.0,75984.53,18.57069064
1776722400,75985.54,76180.58,75985.54,76105.96,81.81761768
1776723300,76105.97,76153.75,75939.99,75953.87,30.52320895
1776724200,75953.86,76103.23,75933.01,76025.99,29.67489707
1776725100,76025.99,76029.35,75953.89,76004.67,28.66567437
1776726000,76004.67,76004.67,75750.01,75787.94,70.20562862
1776726900,75787.94,75796.2,75653.71,75695.77,40.1908251
1776727800,75695.77,75848.85,75662.04,75809.5,18.10892007
1776728700,75809.53,75910.31,75780.0,75864.86,23.53612199
1776729600,75864.86,75955.56,75724.81,75901.68,45.95122342
1776730500,75901.68,75955.83,75835.5,75930.0,53.64963584
1776731400,75930.0,76024.98,75884.34,75906.6,34.57816777
1776732300,75906.61,76130.29,75906.61,76122.01,42.09902488
1776733200,76121.97,76290.0,76048.01,76165.14,41.70664474
1776734100,76165.13,76177.03,76020.0,76158.01,25.69557147
1776735000,76157.45,76255.63,76019.99,76102.14,24.18610282
1776735900,76102.48,76106.3,75889.2,75955.08,29.47655221
1776736800,75955.07,75965.22,75739.16,75759.12,45.02317017
1776737700,75758.68,75833.1,75719.68,75754.49,46.05395282
1776738600,75754.5,75822.73,75626.11,75629.99,69.99996266
1776739500,75629.99,75704.06,75605.0,75613.75,25.54814952
1776740400,75613.76,75664.99,75514.0,75591.21,40.53248072
1776741300,75591.2,75693.07,75527.34,75657.99,37.15201258
1776742200,75658.0,75749.01,75520.0,75581.34,34.61669471
1776743100,75581.33,75747.39,75573.99,75740.58,18.18477139
1776744000,75740.58,75801.28,75640.0,75640.01,44.42586133
1776744900,75640.01,75744.5,75633.28,75655.0,45.17302022
1776745800,75655.01,75760.51,75645.0,75750.92,33.6466014
1776746700,75750.93,75853.73,75713.68,75840.59,19.63264666
1776747600,75840.58,76001.01,75830.0,75934.14,33.72035451
1776748500,75934.14,76026.63,75880.65,75931.79,53.67963949
1776749400,75931.78,75931.78,75862.08,75874.22,22.00660729
1776750300,75874.22,75874.22,75810.15,75835.77,19.20995263
1776751200,75835.76,75847.24,75758.2,75812.2,24.54136517
1776752100,75812.21,75835.69,75725.96,75791.59,27.11326279
1776753000,75791.58,76153.85,75787.88,76020.74,56.96215531
1776753900,76021.01,76072.0,75991.56,76001.83,18.03173131
1776754800,76001.83,76009.01,75847.24,75980.88,28.95779767
1776755700,75981.01,76321.09,75962.26,76210.83,63.35144743
1776756600,76210.84,76326.37,76056.0,76224.02,67.07469301
1776757500,76224.01,76322.03,76117.89,76118.09,70.44054796
1776758400,76118.09,76240.71,76092.01,76164.61,24.59687585
1776759300,76162.01,76405.74,76146.66,76376.89,49.11200597
1776760200,76376.88,76536.03,76284.95,76482.92,45.24231926
1776761100,76482.92,76926.37,76450.88,76545.65,131.4875413
1776762000,76545.65,76622.15,76376.24,76510.25,61.49307327
1776762900,76510.24,76566.47,76222.17,76281.47,46.26973748
1776763800,76281.47,76355.7,76189.44,76335.46,34.40319005
1776764700,76335.46,76415.13,76281.48,76397.31,27.28706572
1776765600,76397.3,76539.33,76379.5,76471.82,35.89550621
1776766500,76471.82,76617.09,76404.25,76546.63,64.00027748
1776767400,76546.63,76633.82,76498.48,76602.24,36.66916414
1776768300,76602.24,76905.18,76578.49,76775.13,119.18484286
1776769200,76775.13,76789.35,76369.2,76441.85,181.41948658
1776770100,76441.86,76759.65,76366.43,76706.18,89.4341541
1776771000,76706.19,76729.94,76400.0,76511.01,163.57499933
1776771900,76511.0,76529.67,76444.84,76485.82,57.54998614
1776772800,76486.41,76527.99,76287.49,76287.49,76.16265679
1776773700,76287.49,76421.04,76266.63,76404.0,84.21179029
1776774600,76403.99,76554.71,75738.91,75851.37,202.64121698
1776775500,75856.76,76085.46,75764.7,76037.95,126.54562667
1776776400,76037.94,76111.11,75924.84,76010.72,88.06538456
1776777300,76017.88,76158.02,75994.0,76061.7,102.14749669
1776778200,76061.69,76213.37,75752.82,76038.76,197.6615099
1776779100,76038.76,76079.51,75788.16,75927.03,173.33141851
1776780000,75928.04,75957.54,75715.99,75859.91,94.48960148
1776780900,75861.09,76313.3,75861.09,76139.02,128.95048989
1776781800,76141.68,76632.97,76130.01,76489.39,156.16712077
1776782700,76489.39,76501.39,75634.64,75681.99,219.88900062
1776783600,75682.0,75865.4,75438.7,75787.03,257.75387644
1776784500,75787.02,75999.33,75600.37,75700.17,121.83880013
1776785400,75700.17,75835.98,75533.54,75706.37,90.05663305
1776786300,75706.38,75850.83,75625.83,75844.02,66.16520279
1776787200,75846.68,76005.26,75834.69,75980.29,113.25517923
1776788100,75980.29,76007.67,75847.95,75879.1,83.01828668
1776789000,75877.56,76205.59,75849.52,75907.25,82.87153876
1776789900,75907.25,76070.61,75770.66,75795.0,78.6858702
1776790800,75794.41,75844.05,75444.0,75555.53,137.45303975
1776791700,75555.53,75568.0,75074.0,75340.0,199.99017686
1776792600,75339.99,75925.55,75284.99,75782.52,181.51087334
1776793500,75782.52,75846.36,75524.13,75567.26,82.74923759
1776794400,75567.27,75655.19,75502.42,75598.37,57.12184837
1776795300,75598.37,75680.18,75384.55,75481.07,96.83949273
1776796200,75480.35,75616.58,75480.35,75538.99,48.12004107
1776797100,75540.0,75659.16,75316.83,75619.17,130.51471443
1776798000,75619.17,75817.46,75582.1,75622.27,150.31028352
1776798900,75620.9,75936.07,75550.0,75799.21,119.01878024
1776799800,75800.34,75806.28,74830.63,74875.99,230.28615591
1776800700,74878.22,75118.0,74817.27,75030.96,193.1474567
1776801600,75031.09,75643.22,74989.53,75590.0,180.92811138
1776802500,75589.47,75793.39,75461.77,75666.68,117.32318099
1776803400,75666.68,75880.35,75666.68,75685.12,78.27830466
1776804300,75685.12,75798.96,75598.94,75714.21,35.32995371
1776805200,75711.24,75796.69,75555.23,75595.42,40.0548961
1776806100,75595.41,75697.0,75562.74,75599.99,29.28576264
1776807000,75599.99,75657.77,75479.58,75479.58,35.37043006
1776807900,75478.39,75604.23,75469.86,75565.01,30.03023312
1776808800,75565.0,75620.28,75500.0,75565.72,31.05280902
1776809700,75565.72,75565.72,75323.03,75389.19,49.89102101
1776810600,75389.19,75566.0,75325.53,75550.86,33.17467183
1776811500,75548.29,75662.15,75510.01,75662.06,20.60515617
1776812400,75662.14,75887.47,75642.93,75793.1,52.92759777
1776813300,75793.1,75886.47,75776.58,75803.31,34.93576798
1776814200,75803.32,76142.78,75797.38,76103.28,63.87045661
1776815100,76103.28,76453.02,76095.0,76348.58,142.84675508
1776816000,76355.73,76520.0,76323.07,76429.99,68.07855249
1776816900,76430.02,76455.78,76266.67,76288.01,121.47781422
1776817800,76288.01,76422.22,76233.63,76354.0,42.92160809
1776818700,76353.99,76402.05,76256.82,76380.89,38.53743071
1776819600,76380.89,76432.94,76300.0,76403.27,47.27307048
1776820500,76403.27,76403.31,76145.0,76175.48,66.39335747
1776821400,76174.57,76303.05,76148.11,76264.55,33.50535943
1776822300,76264.56,76371.51,76213.17,76317.11,43.60326343
1776823200,76317.11,76893.29,76236.94,76756.59,159.34742136
1776824100,76756.58,77276.43,76756.58,77256.01,265.57719341
1776825000,77256.01,77374.0,77089.34,77270.49,179.98442246
1776825900,77270.48,77673.63,77162.45,77624.23,198.98711058
1776826800,77623.92,77747.98,77484.33,77625.99,151.37444366
1776827700,77625.97,77625.97,77430.0,77543.57,74.99805355
1776828600,77543.57,77603.13,77430.0,77595.93,65.65486119
1776829500,77595.93,77647.59,77508.1,77541.55,83.69265588
1776830400,77541.55,77644.7,77500.0,77504.06,43.82040921
1776831300,77504.05,77554.68,77369.03,77527.18,42.17972379
1776832200,77527.15,77725.21,77487.31,77570.72,34.90575921
1776833100,77570.72,77607.4,77452.51,77536.0,34.95791763
1776834000,77536.01,77606.62,77460.58,77555.62,40.42111355
1776834900,77555.61,78444.0,77540.76,78259.98,404.98825536
1776835800,78259.98,78357.51,77999.99,78126.83,222.72690718
1776836700,78126.83,78216.8,77953.59,77986.99,194.93404467
1776837600,77987.0,78024.87,77906.53,77964.63,137.31539307
1776838500,77964.63,78050.75,77932.81,77980.31,73.8081044
1776839400,77980.32,78027.85,77910.98,77982.43,67.64676993
1776840300,77982.43,78029.05,77938.0,78023.21,53.25847777
1776841200,78023.22,78128.99,77982.25,78114.23,84.07802906
1776842100,78114.23,78114.24,77821.1,77906.01,98.85900348
1776843000,77906.01,78077.15,77858.15,78069.84,55.67943096
1776843900,78069.85,78126.0,77989.56,78025.8,64.44495936
1776844800,78025.8,78193.95,78025.8,78163.43,75.62730429
1776845700,78163.43,78222.15,77980.0,77980.0,139.15818754
1776846600,77986.35,78040.69,77960.35,77960.35,30.224885
1776847500,77960.36,78090.35,77960.0,78020.25,60.03554969
1776848400,78020.24,78113.65,77970.45,78065.62,77.25551844
1776849300,78065.62,78180.71,77968.89,78171.96,45.49296059
1776850200,78172.0,78204.89,78066.2,78160.25,43.19732412
1776851100,78160.26,78160.26,77989.55,78015.56,37.44507846
1776852000,78015.57,78073.5,77964.02,78055.25,54.66071701
1776852900,78055.25,78096.5,77993.2,78084.46,36.18971331
1776853800,78084.46,78201.25,78075.0,78145.31,60.44555928
1776854700,78145.31,78193.94,78093.0,78175.7,41.33362619
1776855600,78175.71,78308.92,78119.18,78177.92,81.44657202
1776856500,78177.92,78356.74,78177.92,78346.25,99.55443526
1776857400,78346.25,78422.84,78187.6,78234.68,101.37476848
1776858300,78234.68,78348.71,78234.67,78327.98,66.82546631
1776859200,78327.98,78481.88,78248.7,78450.29,161.08771312
1776860100,78450.29,78542.56,78174.0,78212.2,170.04636429
1776861000,78212.19,78307.13,78137.19,78226.8,167.84049051
1776861900,78226.79,78372.63,78209.05,78262.91,87.51833822
1776862800,78262.9,78467.4,78183.05,78405.65,164.73316691
1776863700,78407.08,78540.65,78383.0,78509.43,132.63838248
1776864600,78509.43,78700.94,78310.03,78654.79,266.39111571
1776865500,78654.79,78887.8,78562.6,78887.44,304.80601859
1776866400,78887.45,79123.01,78745.0,79100.0,383.6354858
1776867300,79096.0,79217.08,78832.67,79058.3,563.45032022
1776868200,79055.91,79089.98,78601.87,78734.15,248.47507398
1776869100,78734.14,79137.04,78710.77,79073.57,200.2917972
1776870000,79073.56,79161.2,78876.94,78988.45,155.94287973
1776870900,78987.99,79156.72,78865.0,79095.58,180.20062606
1776871800,79095.58,79368.36,79040.75,79320.74,234.92563556
1776872700,79320.85,79455.95,79256.1,79323.61,342.5263228
1776873600,79323.62,79523.0,79186.13,79238.58,187.06109385
1776874500,79238.58,79254.16,78914.82,78972.42,169.49124696
1776875400,78972.42,79071.01,78796.12,78843.65,107.1448219
1776876300,78843.66,78880.12,78660.62,78782.46,127.19417017
1776877200,78782.46,79078.37,78774.8,79012.86,109.05063843
1776878100,79012.86,79044.86,78724.13,78872.51,127.20587655
1776879000,78872.51,78932.57,78788.9,78847.3,68.90346045
1776879900,78847.31,79037.1,78740.67,78947.97,106.96886469
1776880800,78947.98,79036.45,78854.6,78993.47,95.52693709
1776881700,78994.76,79032.32,78909.36,78927.6,69.40853171
1776882600,78927.6,79048.05,78870.01,78989.64,64.47812146
1776883500,78989.64,79218.81,78982.35,79062.46,113.34694656
1776884400,79062.46,79084.78,78734.15,78891.55,241.56704107
1776885300,78891.56,79107.41,78855.08,79062.64,323.05011451
1776886200,79062.64,79111.73,78814.45,78895.91,282.36387688
1776887100,78895.92,79008.37,78812.25,78878.3,307.3438894
1776888000,78878.31,78953.15,78766.43,78766.44,126.1556247
1776888900,78766.44,78788.0,78508.02,78611.99,115.86949339
1776889800,78612.0,78644.87,78504.56,78539.5,62.18803159
1776890700,78537.26,78553.34,78427.63,78463.99,93.40319162
1776891600,78464.05,78631.94,78445.8,78620.41,65.40603491
1776892500,78620.41,78638.87,78582.01,78611.88,57.23820884
1776893400,78611.88,78794.66,78611.87,78791.55,130.98025578
1776894300,78791.55,78858.25,78743.06,78794.76,51.34215343
1776895200,78794.76,78865.09,78730.5,78797.0,100.86507079
1776896100,78797.0,78800.81,78566.0,78568.27,61.00290816
1776897000,78568.27,78636.55,78503.43,78526.11,40.5659906
1776897900,78526.1,78664.05,78487.27,78635.61,53.13046926
1776898800,78635.61,78642.0,78482.05,78591.94,38.0941518
1776899700,78591.94,78617.18,78229.45,78363.98,74.48615827
1776900600,78363.98,78369.34,78234.0,78282.29,45.23428074
1776901500,78282.28,78347.24,78182.0,78208.52,31.64353119
1776902400,78208.52,78432.22,77920.91,77920.91,117.46680843
1776903300,77920.92,78507.27,77610.0,78472.77,204.49731431
1776904200,78472.75,78608.94,78339.95,78456.74,51.00935276
1776905100,78456.75,78486.54,78296.14,78467.52,39.01104651
1776906000,78467.69,78500.0,78265.0,78307.09,50.52052173
1776906900,78307.09,78310.74,78093.3,78122.64,58.87675387
1776907800,78122.65,78419.12,78100.0,78324.2,56.24746149
1776908700,78324.18,78468.42,78252.36,78387.39,52.7007446
1776909600,78387.4,78387.4,78180.0,78180.0,40.55858318
1776910500,78180.01,78248.93,78000.0,78062.55,103.10159797
1776911400,78062.56,78146.56,77783.74,77905.6,91.73011612
1776912300,77905.61,78055.0,77795.56,77967.46,52.64640224
1776913200,77967.46,78070.5,77752.31,77752.31,58.4246715
1776914100,77752.3,77788.42,77659.25,77717.33,100.33037534
1776915000,77719.44,77743.11,77500.0,77654.0,93.26901897
1776915900,77654.0,77791.99,77566.3,77766.9,61.33566554
1776916800,77766.9,77912.74,77698.7,77871.3,87.65579314
1776917700,77871.29,77955.99,77770.55,77825.3,50.57074779
1776918600,77825.3,77942.1,77825.28,77894.65,27.76398175
1776919500,77894.65,77974.18,77861.8,77935.46,30.93275357
1776920400,77935.46,78059.46,77916.46,78008.47,35.92196061
1776921300,78011.19,78040.71,77902.32,77926.57,32.60135242
1776922200,77926.57,77931.15,77788.81,77899.18,64.79907893
1776923100,77899.18,78149.07,77894.09,78051.59,52.90303565
1776924000,78055.02,78310.55,78055.02,78224.05,72.7934777
1776924900,78224.05,78358.2,78183.0,78303.98,76.64355524
1776925800,78303.98,78370.49,78170.0,78204.89,48.62253389
1776926700,78204.89,78265.28,78124.55,78240.0,34.34744987
1776927600,78240.01,78281.78,78153.77,78168.71,58.12663522
1776928500,78168.72,78223.29,78131.33,78181.08,39.92670904
1776929400,78181.07,78211.56,78070.39,78131.23,28.14111881
1776930300,78131.24,78178.7,77989.72,78086.14,62.63888019
1776931200,78086.15,78204.31,77948.86,78140.4,45.51942002
1776932100,78140.4,78157.01,77982.01,78006.25,80.54818308
1776933000,78006.25,78013.16,77727.29,77759.75,62.36255525
1776933900,77759.75,77915.75,77744.61,77877.34,36.08380287
1776934800,77877.34,77887.47,77463.04,77595.05,169.61897067
1776935700,77597.77,77724.23,77531.54,77638.07,84.44733341
1776936600,77638.08,77787.2,77638.08,77748.88,20.31727244
1776937500,77748.88,77774.93,77557.21,77670.55,33.65041686
1776938400,77672.01,77737.92,77200.0,77242.36,154.72554966
1776939300,77242.36,77420.54,77229.37,77415.99,42.82574172
1776940200,77415.99,77474.42,77366.64,77399.62,23.66526523
1776941100,77399.96,77495.94,77322.97,77425.92,29.99272108
1776942000,77425.92,77529.9,77372.12,77419.69,25.85707057
1776942900,77419.69,77528.85,77407.63,77496.01,26.48657044
1776943800,77496.02,77618.74,77402.22,77610.33,30.19190228
1776944700,77610.33,77776.48,77606.89,77722.29,65.49293934
1776945600,77722.29,77895.01,77716.08,77736.57,113.03671217
1776946500,77730.18,77796.4,77644.47,77796.4,48.65813795
1776947400,77796.73,77901.89,77735.93,77791.78,65.48258743
1776948300,77791.79,77907.56,77562.25,77894.01,120.34028552
1776949200,77897.23,77946.39,77668.78,77690.0,90.00388775
1776950100,77695.29,77757.28,77602.3,77627.54,77.78792183
1776951000,77627.54,77736.76,77552.7,77566.46,144.92434155
1776951900,77564.28,77720.98,77404.02,77549.31,166.48882298
1776952800,77549.32,77696.26,77431.4,77546.49,270.24753936
1776953700,77546.5,77988.43,77498.54,77766.16,392.4598182
1776954600,77766.15,78022.09,77766.15,77929.36,107.49252552
1776955500,77929.36,78250.0,77880.0,78210.59,281.31631535
1776956400,78210.59,78227.81,78007.2,78146.01,151.48924863
1776957300,78146.0,78722.96,78100.0,78425.07,300.17280694
1776958200,78424.17,78648.11,78340.1,78511.09,253.09947033
1776959100,78511.09,78512.27,78296.69,78410.43,198.39835826
1776960000,78410.44,78550.0,78331.49,78341.46,93.01311562
1776960900,78341.46,78484.47,78271.91,78327.7,143.39509059
1776961800,78327.7,78499.99,78299.9,78362.61,88.82336907
1776962700,78362.6,78405.99,78063.58,78133.06,158.0384021
1776963600,78133.06,78222.46,77697.46,77873.38,170.86540346
1776964500,77873.38,77885.48,77589.12,77625.79,126.80002464
1776965400,77625.79,77769.7,77008.14,77216.73,313.10073589
1776966300,77219.96,77855.37,76979.99,77796.41,387.87697837
1776967200,77796.41,78181.43,77765.0,78000.02,272.37060171
1776968100,78000.03,78098.29,77866.9,77939.06,169.20273199
1776969000,77939.06,78154.1,77939.06,78053.11,86.29369925
1776969900,78053.12,78086.96,77695.47,77698.4,107.61991848
1776970800,77698.4,77806.76,77609.0,77733.05,170.91635837
1776971700,77733.06,77925.25,77733.05,77885.11,178.68427949
1776972600,77885.1,77927.45,77663.64,77670.49,168.85588626
1776973500,77670.49,77839.14,77600.0,77743.16,172.58856957
1776974400,77742.5,77929.99,77656.44,77819.39,71.25838515
1776975300,77819.39,77853.4,77704.6,77759.5,58.97192687
1776976200,77759.49,78073.5,77736.01,78014.6,110.83408306
1776977100,78014.59,78048.97,77868.11,77903.01,42.86957948
1776978000,77903.01,77939.32,77846.49,77903.01,40.83399294
1776978900,77903.0,77950.11,77811.0,77945.08,21.28897929
1776979800,77945.08,78092.46,77945.08,78087.09,32.76519941
1776980700,78080.86,78080.88,77885.0,77890.0,24.09672529
1776981600,77887.5,78207.64,77884.4,78089.99,70.26056946
1776982500,78089.99,78288.93,78064.2,78192.0,74.05080663
1776983400,78192.01,78340.8,78192.01,78336.99,37.03976904
1776984300,78336.99,78369.99,78229.95,78257.14,58.10616599
1776985200,78257.15,78268.29,78107.61,78116.99,56.26013143
1776986100,78116.99,78179.88,78051.8,78158.03,51.95633442
1776987000,78158.02,78306.19,78148.9,78277.17,30.86221072
1776987900,78279.88,78327.6,78236.9,78281.32,27.55501746
1776988800,78281.32,78378.76,78191.31,78321.46,33.61156427
1776989700,78323.47,78500.0,78271.9,78433.09,60.17592441
1776990600,78433.1,78516.33,78384.24,78408.0,70.35863414
1776991500,78408.0,78494.86,78349.4,78446.01,46.60002575
1776992400,78446.02,78451.69,78083.01,78181.66,62.49759096
1776993300,78183.17,78206.79,78030.78,78058.01,59.3502001
1776994200,78058.01,78176.99,77979.18,78078.12,37.88017869
1776995100,78078.12,78487.02,78050.65,78457.91,91.2353473
1776996000,78457.9,78607.38,78313.54,78422.28,61.00693449
1776996900,78422.28,78433.09,78270.3,78284.29,64.33649572
1776997800,78284.29,78438.17,78284.29,78438.17,33.85165354
1776998700,78438.17,78461.76,78097.52,78154.1,46.0839049
1776999600,78154.1,78217.79,78100.0,78157.21,39.35899002
1777000500,78157.21,78157.99,77695.49,77779.0,104.14152187
1777001400,77779.01,77784.61,77590.51,77669.44,73.02228442
1777002300,77669.44,77769.58,77661.21,77755.39,35.86728067
1777003200,77755.39,77769.31,77700.71,77748.85,48.06779626
1777004100,77748.86,77888.5,77627.99,77632.01,64.62965298
1777005000,77630.21,77692.19,77492.99,77661.91,69.06590352
1777005900,77661.9,77777.48,77620.91,77682.91,44.50665185
1777006800,77682.9,77723.91,77571.31,77576.17,58.14990765
1777007700,77576.1,77664.28,77465.3,77654.71,52.08374434
1777008600,77654.71,77778.42,77654.71,77725.88,26.73201909
1777009500,77725.88,78071.27,77725.88,77974.29,68.11312824
1777010400,77974.3,77999.1,77910.49,77968.38,32.36360463
1777011300,77968.38,77992.25,77835.01,77855.96,22.48630785
1777012200,77855.96,77914.0,77786.29,77834.81,26.84638293
1777013100,77834.8,77937.09,77806.89,77813.12,15.23311551
1777014000,77813.11,77882.44,77770.41,77785.2,23.39518532
1777014900,77785.2,77803.01,77668.27,77744.89,14.1745165
1777015800,77744.89,77766.6,77645.71,77677.96,32.8902896
1777016700,77677.96,77763.06,77568.32,77676.96,28.10817482
1777017600,77676.95,77722.88,77593.2,77713.52,31.67161325
1777018500,77713.52,78030.98,77713.52,77885.98,74.12809936
1777019400,77885.98,77885.98,77749.12,77768.8,26.67659726
1777020300,77768.81,77916.12,77767.73,77808.73,43.21315764
1777021200,77808.72,77827.83,77434.51,77539.98,78.1857417
1777022100,77539.98,77634.32,77477.45,77508.28,52.47355363
1777023000,77508.29,77604.17,77423.86,77604.17,26.67924679
1777023900,77604.16,77604.16,77497.33,77551.89,37.37133189
1777024800,77551.88,77551.88,77457.21,77527.85,53.92249703
1777025700,77527.85,77765.52,77526.07,77693.37,51.5452662
1777026600,77692.64,77725.94,77636.93,77665.82,21.72414519
1777027500,77665.82,77811.18,77627.1,77762.45,49.69128986
1777028400,77762.45,78312.29,77762.44,78237.85,231.14174785
1777029300,78237.84,78353.04,78118.49,78350.27,118.12454988
1777030200,78350.27,78400.0,78244.41,78318.91,101.3721927
1777031100,78318.89,78318.89,78198.48,78256.13,75.34168822
1777032000,78256.15,78357.15,78205.04,78333.58,111.06330581
1777032900,78333.58,78379.31,78210.62,78299.24,88.54846549
1777033800,78299.24,78313.28,78188.64,78217.51,57.13102369
1777034700,78217.99,78305.22,78035.99,78290.74,64.61796119
1777035600,78290.74,78500.0,78290.64,78388.08,159.63532578
1777036500,78388.24,78432.51,78172.25,78193.31,79.76579715
1777037400,78193.31,78323.13,78072.01,78207.56,220.64684442
1777038300,78207.56,78265.24,77922.96,78107.84,171.72628436
1777039200,78107.84,78107.84,77813.29,77907.7,431.80662325
1777040100,77907.7,78056.94,77700.01,77739.27,444.45220076
1777041000,77739.28,78048.42,77704.09,78004.0,449.62320912
1777041900,78004.01,78100.0,77909.84,78070.15,315.03041633
1777042800,78072.0,78078.3,77596.52,77751.11,140.41005212
1777043700,77753.93,77903.25,77703.36,77849.99,110.71106788
1777044600,77850.0,78037.77,77735.69,78008.24,64.15903945
1777045500,78011.51,78257.09,77933.23,78066.88,147.19774881
1777046400,78065.03,78090.24,77805.34,77805.35,57.10043818
1777047300,77805.35,77816.01,77657.28,77737.19,84.98965245
1777048200,77737.19,77924.99,77606.46,77735.76,116.52908176
1777049100,77735.99,77814.1,77648.89,77800.0,66.0544211
1777050000,77798.32,77798.32,77622.3,77775.37,94.72541654
1777050900,77775.37,77786.54,77610.0,77700.06,48.97145849
1777051800,77700.06,77736.0,77502.59,77614.99,106.30638199
1777052700,77614.99,77856.95,77575.11,77707.15,127.24623626
1777053600,77707.16,77745.83,77540.66,77550.65,39.98990415
1777054500,77550.65,77572.0,77381.74,77522.81,176.19146779
1777055400,77525.5,77665.13,77501.0,77600.07,62.60746623
1777056300,77600.07,77655.0,77568.72,77637.61,24.90646116
1777057200,77637.61,77773.45,77588.01,77625.67,42.59908176
1777058100,77625.67,77693.93,77555.6,77602.13,62.16000687
1777059000,77602.14,77683.52,77576.17,77637.05,67.68467321
1777059900,77637.05,77671.4,77557.8,77659.72,149.35915476
1777060800,77657.01,77671.09,77548.64,77660.92,59.38182466
1777061700,77660.91,77676.96,77478.31,77564.52,48.15672312
1777062600,77564.52,77693.57,77564.51,77647.46,41.95891849
1777063500,77647.46,77787.4,77647.45,77748.69,57.2731065
1777064400,77748.68,77785.0,77611.36,77611.36,47.98465403
1777065300,77611.37,77687.94,77600.0,77650.59,32.6219035
1777066200,77647.66,77664.08,77577.34,77577.34,40.35980824
1777067100,77577.35,77624.61,77565.44,77565.45,46.02941402
1777068000,77565.45,77638.0,77539.99,77635.03,102.57280221
1777068900,77635.03,77650.87,77572.65,77572.65,35.88768307
1777069800,77572.65,77572.66,77289.0,77316.83,78.96931443
1777070700,77316.83,77413.04,77316.83,77360.78,53.47531473
1777071600,77360.78,77429.81,77358.82,77410.32,22.41909338
1777072500,77410.32,77448.32,77364.01,77432.1,41.96976416
1777073400,77432.1,77493.21,77415.01,77463.76,31.99415428
1777074300,77463.75,77473.58,77434.25,77461.8,22.31234907
1777075200,77461.79,77526.0,77430.97,77450.64,42.30863723
1777076100,77450.63,77465.99,77329.29,77341.81,33.00064276
1777077000,77341.81,77442.11,77340.05,77392.27,16.11712668
1777077900,77392.26,77485.89,77392.26,77483.44,10.71241811
1777078800,77486.72,77544.55,77456.79,77532.0,16.42559732
1777079700,77532.01,77572.56,77494.0,77509.67,23.40428612
1777080600,77509.67,77582.76,77509.67,77582.76,22.76424769
1777081500,77582.75,77645.47,77558.89,77559.96,15.24928626
1777082400,77559.97,77661.75,77518.78,77568.04,44.16883717
1777083300,77568.04,77662.4,77545.29,77658.49,13.19350602
1777084200,77658.49,77669.53,77640.88,77650.71,12.51597233
1777085100,77650.71,77669.19,77624.48,77639.19,15.16598974
1777086000,77639.19,77722.24,77586.55,77606.79,22.85517847
1777086900,77606.78,77633.14,77574.67,77581.85,13.93186906
1777087800,77581.85,77723.23,77581.84,77700.01,17.21468958
1777088700,77700.01,77739.8,77659.01,77699.91,16.23269566
1777089600,77699.92,77726.16,77649.46,77696.66,17.66165407
1777090500,77696.66,77719.44,77654.0,77667.13,17.33321809
1777091400,77667.13,77676.01,77621.9,77637.03,11.68174199
1777092300,77637.03,77663.07,77628.03,77641.16,14.50526943
1777093200,77641.16,77641.16,77507.99,77529.36,18.89392038
1777094100,77529.36,77566.99,77519.54,77545.76,10.39353674
1777095000,77534.81,77577.56,77522.8,77555.6,11.17768605
1777095900,77555.6,77576.19,77535.0,77542.19,5.79457284
1777096800,77542.19,77587.47,77542.19,77569.96,15.32385953
1777097700,77569.96,77574.96,77506.7,77511.28,20.52511011
1777098600,77511.29,77585.12,77511.29,77548.45,35.15890806
1777099500,77548.45,77609.28,77526.41,77526.42,50.65276609
1777100400,77526.41,77526.41,77470.0,77506.39,40.14886808
1777101300,77506.39,77569.19,77496.56,77565.12,40.57695266
1777102200,77565.12,77603.62,77532.64,77550.04,34.71500056
1777103100,77550.04,77585.12,77517.77,77521.97,31.88444741
1777104000,77520.0,77612.44,77510.94,77585.12,29.33445653
1777104900,77585.12,77608.18,77565.45,77598.88,31.62871375
1777105800,77598.88,77686.8,77598.88,77663.83,41.73414349
1777106700,77663.83,77672.65,77645.0,77672.65,20.99374617
1777107600,77672.65,77693.36,77631.65,77657.28,30.35434938
1777108500,77654.0,77669.86,77612.0,77615.02,26.16611184
1777109400,77615.02,77792.01,77615.02,77756.44,40.93612733
1777110300,77757.45,77806.07,77733.22,77738.19,35.94192572
1777111200,77738.19,77823.18,77738.19,77793.99,34.96470662
1777112100,77794.0,77867.2,77784.02,77849.58,24.80673392
1777113000,77849.59,77911.09,77798.06,77838.57,30.57808868
1777113900,77838.57,77857.35,77804.88,77809.48,14.23757572
1777114800,77809.48,77809.48,77762.24,77765.53,14.32076247
1777115700,77765.53,77785.2,77670.0,77695.02,23.96393323
1777116600,77695.02,77711.15,77654.0,77663.85,16.60877235
1777117500,77663.85,77724.04,77636.17,77709.94,14.69246928
1777118400,77711.31,77736.94,77645.98,77710.56,21.21076876
1777119300,77710.56,77736.95,77628.01,77628.01,8.84153561
1777120200,77628.01,77642.89,77566.69,77575.27,23.55836501
1777121100,77575.26,77604.42,77565.44,77575.35,14.74537259
1777122000,77577.02,77666.18,77577.02,77663.49,16.51631268
1777122900,77663.49,77664.86,77624.48,77636.83,8.64902196
1777123800,77636.84,77700.0,77616.35,77698.92,16.71393371
1777124700,77698.92,77731.7,77668.28,77701.35,24.39573255
1777125600,77701.36,77774.27,77652.09,77713.04,16.26447162
1777126500,77713.04,77757.99,77676.97,77743.0,18.03506799
1777127400,77743.0,77768.8,77726.0,77749.54,10.6782934
1777128300,77749.55,77772.08,77670.0,77679.96,22.29622744
1777129200,77679.95,77708.05,77667.12,77695.96,20.47476689
1777130100,77695.97,77744.99,77692.09,77728.01,9.6914188
1777131000,77728.02,77749.7,77684.09,77684.1,12.62001616
1777131900,77684.1,77684.1,77332.98,77354.06,246.46782866
1777132800,77354.05,77486.83,77319.44,77471.75,139.73202799
1777133700,77471.75,77483.44,77350.0,77428.0,60.12660749
1777134600,77425.3,77500.0,77179.2,77393.42,245.06901176
1777135500,77398.16,77435.06,77366.0,77427.69,19.70083611
1777136400,77427.68,77439.98,77386.0,77386.01,40.15013118
1777137300,77386.0,77433.75,77325.0,77352.73,25.48082913
1777138200,77352.73,77367.48,77273.53,77334.02,22.48006172
1777139100,77334.01,77334.02,77234.99,77274.53,27.73303369
1777140000,77274.52,77354.02,77242.17,77305.44,32.28041722
1777140900,77305.44,77362.41,77280.87,77342.38,21.32769306
1777141800,77342.38,77414.56,77329.28,77329.28,27.35169988
1777142700,77329.28,77386.18,77307.68,77319.65,32.34221964
1777143600,77319.65,77372.79,77300.0,77348.04,36.6687514
1777144500,77348.04,77376.98,77270.24,77272.97,21.33369423
1777145400,77272.98,77285.42,77210.0,77210.0,31.26040647
1777146300,77210.0,77350.15,77210.0,77339.77,29.08407862
1777147200,77339.77,77399.43,77324.57,77370.53,19.129761
1777148100,77370.54,77449.24,77362.54,77443.27,41.02003378
1777149000,77443.27,77448.76,77388.06,77421.12,46.54342958
1777149900,77421.12,77508.87,77421.12,77497.07,16.87901909
1777150800,77497.08,77553.92,77497.07,77524.55,44.51130289
1777151700,77524.55,77549.31,77500.0,77542.27,18.45143648
1777152600,77542.26,77543.43,77434.24,77485.89,18.13348788
1777153500,77485.89,77557.64,77485.89,77555.49,13.17011478
1777154400,77555.5,77576.92,77519.7,77523.0,20.6491442
1777155300,77523.0,77609.59,77519.52,77576.7,17.38128302
1777156200,77576.7,77662.26,77576.7,77616.35,18.59127912
1777157100,77616.35,77616.36,77545.77,77577.96,51.06440877
1777158000,77577.96,77636.8,77545.77,77604.49,27.0964869
1777158900,77604.49,77624.48,77576.55,77614.52,15.81932951
1777159800,77614.52,77680.3,77595.29,77626.18,37.55495653
1777160700,77626.18,77655.92,77614.01,77650.72,19.44737529
1777161600,77650.72,77666.29,77533.61,77572.0,31.33909042
1777162500,77568.72,77568.72,77493.38,77493.38,21.06154021
1777163400,77493.39,77586.07,77468.4,77568.73,21.60016591
1777164300,77568.72,77622.45,77483.49,77520.34,20.14925565
1777165200,77520.33,77568.76,77506.4,77526.08,25.74911136
1777166100,77526.08,77591.77,77519.52,77529.88,21.50844674
1777167000,77529.88,77594.0,77520.0,77578.99,16.95783437
1777167900,77578.99,77578.99,77470.32,77479.27,11.28148067
1777168800,77479.26,77590.41,77471.84,77590.4,13.76720438
1777169700,77590.4,77620.55,77533.38,77577.46,21.30095085
1777170600,77577.46,77614.74,77534.84,77540.68,9.53751457
1777171500,77540.67,77554.0,77496.56,77545.7,17.72697808
1777172400,77545.7,77552.83,77493.0,77549.23,16.25495916
1777173300,77549.23,77566.0,77441.13,77450.04,16.65814779
1777174200,77450.04,77450.04,77346.44,77404.67,21.91649336
1777175100,77404.68,77436.8,77385.04,77408.01,12.91179273
1777176000,77408.01,77516.23,77394.88,77487.01,20.23827821
1777176900,77487.02,77520.82,77480.88,77496.11,17.19020184
1777177800,77496.1,77547.57,77448.47,77533.1,22.90177442
1777178700,77533.1,77838.01,77533.1,77790.06,81.13184917
1777179600,77790.05,78174.01,77736.0,78154.64,99.14444296
1777180500,78154.64,78221.43,78050.88,78126.49,146.23806787
1777181400,78126.49,78216.37,78042.28,78070.57,63.20729243
1777182300,78070.56,78080.32,78004.96,78004.97,24.04920559
1777183200,78004.97,78070.56,78004.97,78034.49,14.68422003
1777184100,78034.49,78041.32,77946.39,77974.7,19.27528519
1777185000,77974.7,78074.58,77951.61,78033.06,12.98320497
1777185900,78033.07,78041.04,77917.89,78019.26,23.41085177
1777186800,78024.64,78047.6,78012.28,78028.11,14.88204528
1777187700,78028.11,78056.94,78008.24,78020.92,9.08184277
1777188600,78020.92,78024.63,77985.28,77996.11,10.82950996
1777189500,77996.12,78148.82,77996.09,78126.31,37.2963861
1777190400,78126.32,78165.67,78083.68,78105.69,105.56554312
1777191300,78105.7,78119.76,78050.89,78112.73,23.99346026
1777192200,78112.72,78237.34,78047.0,78066.28,32.92240409
1777193100,78066.28,78083.51,78045.23,78050.01,11.1970106
1777194000,78050.01,78050.01,77992.18,78040.0,13.24189021
1777194900,78039.99,78081.29,78007.18,78033.01,14.43548145
1777195800,78033.01,78033.01,77940.69,77998.44,26.93836968
1777196700,77998.43,78027.92,77965.6,78026.91,17.37396007
1777197600,78026.91,78077.06,77975.44,78057.96,24.18320636
1777198500,78054.17,78066.27,78024.64,78030.49,11.81051302
1777199400,78030.5,78041.99,78001.0,78011.99,15.31620196
1777200300,78011.99,78035.18,77988.56,78024.64,10.93892124
1777201200,78024.63,78113.2,78024.63,78070.59,7.74411468
1777202100,78070.59,78177.02,78057.44,78160.74,14.25227839
1777203000,78160.74,78172.24,78091.51,78109.29,15.26704184
1777203900,78109.29,78162.02,78075.28,78118.01,16.12121307
1777204800,78118.01,78135.23,78000.0,78010.38,10.23344028
1777205700,78010.39,78051.58,77975.48,77995.91,34.53624871
1777206600,77995.9,78007.3,77960.01,77960.01,15.26946141
1777207500,77960.01,77960.01,77782.36,77850.81,41.46932284
1777208400,77851.74,77957.07,77805.72,77924.52,36.80082582
1777209300,77924.53,77962.32,77831.12,77897.98,33.16893549
1777210200,77897.98,78004.96,77884.99,77996.35,26.17629504
1777211100,77996.36,78011.19,77927.88,77993.74,18.27136652
1777212000,77990.84,77990.84,77893.44,77975.17,20.01431597
1777212900,77975.16,78189.65,77949.2,78079.83,46.07326919
1777213800,78080.4,78147.98,78027.93,78072.56,33.30415718
1777214700,78071.99,78176.62,78006.36,78108.37,42.43484972
1777215600,78108.38,78142.25,78033.66,78110.46,40.99053107
1777216500,78110.46,78146.73,78014.81,78122.48,48.10719577
1777217400,78122.48,78132.87,78041.04,78062.78,12.78522153
1777218300,78062.78,78091.12,78020.0,78073.83,37.89092166
1777219200,78073.83,78102.29,78026.29,78041.74,64.35020928
1777220100,78041.75,78077.12,78041.75,78072.65,27.77610445
1777221000,78072.65,78113.2,78020.0,78020.0,34.59162368
1777221900,78019.0,78058.6,77945.42,77945.43,23.71972832
1777222800,77945.42,78047.35,77867.2,78039.0,40.74874378
1777223700,78039.0,78077.12,77993.72,78041.31,41.90169043
1777224600,78041.3,78050.02,77964.37,78038.31,26.8629428
1777225500,78038.3,78079.99,78018.09,78037.46,38.43907515
1777226400,78037.46,78188.63,78009.17,78126.35,103.20488776
1777227300,78126.35,78375.37,78095.0,78195.6,118.25162086
1777228200,78195.6,78264.7,78157.01,78230.03,27.99964862
1777229100,78230.02,78316.16,78205.03,78299.91,37.91903048
1777230000,78299.91,78449.98,78192.37,78415.21,79.62619264
1777230900,78415.22,78527.65,78044.32,78222.69,205.39136699
1777231800,78222.7,78250.97,78073.85,78208.02,92.02284942
1777232700,78208.02,78319.39,78198.48,78258.01,49.20683356
1777233600,78258.0,78285.44,78211.61,78211.62,18.42344704
1777234500,78211.62,78273.41,78178.8,78250.54,27.60148023
1777235400,78250.55,78410.1,78250.51,78316.22,47.08095241
1777236300,78316.23,78382.16,78205.73,78218.16,50.14073481
1777237200,78216.01,78316.95,78212.0,78267.91,40.20410984
1777238100,78267.91,78302.31,78204.0,78218.71,23.43375893
1777239000,78218.71,78218.71,77979.79,78021.71,73.52179421
1777239900,78021.7,78943.0,77873.76,78437.96,182.46422457
1777240800,78437.96,78609.45,78373.45,78588.82,150.31642649
1777241700,78588.82,78882.55,78516.76,78546.16,103.31170544
1777242600,78542.88,78542.88,77989.33,78300.72,120.94957963
1777243500,78300.72,78467.35,78281.01,78333.24,38.91868404
1777244400,78334.0,78424.79,78280.31,78372.32,36.60244456
1777245300,78372.33,78477.27,78168.96,78172.25,51.1957512
1777246200,78172.24,78640.8,78059.0,78619.39,114.62665236
1777247100,78618.39,78910.4,78610.0,78673.83,76.15941041
1777248000,78673.84,78897.24,78578.27,78601.01,91.55172835
1777248900,78601.01,78671.05,78417.72,78499.08,93.79625622
1777249800,78499.08,78844.14,78418.25,78833.1,76.21183917
1777250700,78833.11,79399.0,78791.29,79322.57,300.57699554
1777251600,79328.0,79496.0,79123.92,79140.5,191.83762003
1777252500,79140.5,79143.05,78750.01,78926.75,171.05690168
1777253400,78916.8,79173.28,78856.01,79070.94,94.28222849
1777254300,79070.95,79396.0,79070.94,79301.99,141.52934981
1777255200,79301.99,79322.7,79095.01,79189.03,82.15388912
1777256100,79189.03,79291.53,79048.0,79136.01,36.71832629
1777257000,79136.0,79278.25,79057.48,79091.63,59.03135373
1777257900,79091.63,79225.12,79084.92,79149.68,54.11474365
1777258800,79146.4,79277.59,79095.0,79232.0,56.69405048
1777259700,79232.0,79303.83,79191.81,79269.24,124.13099092
1777260600,79273.98,79347.43,79189.0,79259.99,105.46491221
1777261500,79259.99,79271.14,79091.87,79120.02,40.21403889
1777262400,79120.02,79150.0,79008.51,79074.24,43.2177151
1777263300,79074.25,79133.26,79011.92,79132.72,33.28872879
1777264200,79132.73,79175.92,79035.01,79085.02,27.73418915
1777265100,79085.02,79103.6,78893.94,78942.02,68.00038755
1777266000,78942.06,78961.19,78419.2,78423.6,177.84181221
1777266900,78423.61,78437.91,77826.42,77841.01,345.38191371
1777267800,77841.0,77888.9,77584.43,77808.16,226.4609567
1777268700,77808.17,77885.0,77752.95,77790.0,82.72948319
1777269600,77790.01,77814.0,77668.26,77739.06,68.86179252
1777270500,77739.06,77880.08,77700.0,77736.01,60.03697188
1777271400,77736.02,77736.02,77481.0,77630.24,107.62102441
1777272300,77630.25,77743.44,77621.98,77709.76,54.26429281
1777273200,77709.76,77744.49,77572.19,77649.98,71.57677689
1777274100,77649.98,77742.56,77572.0,77693.27,35.66132692
1777275000,77693.27,77698.0,77588.54,77685.62,20.76760075
1777275900,77685.62,77749.12,77613.58,77613.58,30.95233523
1777276800,77613.58,77738.0,77594.97,77643.79,35.43678388
1777277700,77643.79,77703.19,77578.0,77587.99,48.53482887
1777278600,77586.11,77677.58,77563.02,77630.34,21.58651296
1777279500,77630.35,77823.82,77630.35,77811.56,55.86303734
1777280400,77814.18,77864.1,77788.6,77861.38,33.37588104
1777281300,77861.38,77861.38,77706.41,77779.01,26.50220354
1777282200,77779.01,77975.49,77754.02,77951.37,87.93612887
1777283100,77951.37,77992.86,77897.75,77902.45,23.32549481
1777284000,77902.44,77948.5,77800.94,77824.19,42.38613558
1777284900,77826.91,77844.08,77790.47,77819.75,28.26761676
1777285800,77819.76,77953.53,77803.88,77885.07,87.28578526
1777286700,77883.19,77912.83,77854.82,77857.45,18.69628312
1777287600,77857.46,77894.79,77745.01,77784.82,35.10819654
1777288500,77784.83,77896.97,77754.03,77865.03,25.22441574
1777289400,77865.02,77899.57,77784.84,77815.02,29.00890721
1777290300,77815.02,77869.17,77788.7,77847.89,18.67571923
1777291200,77847.88,77878.01,77734.62,77829.89,42.07692654
1777292100,77829.9,77864.48,77721.6,77756.15,55.84533696
1777293000,77756.16,77782.08,77631.74,77745.74,99.42544519
1777293900,77745.73,77779.5,77620.0,77671.04,75.13543439
1777294800,77671.04,77786.87,77640.97,77716.27,123.40424492
1777295700,77716.26,77807.9,77646.19,77712.92,102.39699771
1777296600,77713.79,77976.01,77625.6,77853.06,165.64689966
1777297500,77853.06,77871.2,77572.4,77750.0,135.58211662
1777298400,77750.0,77918.63,77670.02,77860.76,121.10959066
1777299300,77860.76,77930.84,77825.28,77879.89,75.06825757
1777300200,77879.89,78215.84,77836.11,78179.55,145.69626892
1777301100,78179.55,78278.39,77800.29,77817.6,177.11428494
1777302000,77821.44,77840.64,77300.0,77369.23,276.84044195
1777302900,77369.24,77369.24,76555.0,76849.91,551.43965638
1777303800,76849.91,77094.35,76818.51,77046.61,241.76675436
1777304700,77046.62,77053.43,76719.37,76775.89,269.2093069
1777305600,76775.9,76846.07,76639.72,76768.3,172.72594069
1777306500,76768.3,76861.44,76710.33,76738.55,107.51513275
1777307400,76738.55,76827.46,76579.16,76582.24,140.12342296
1777308300,76582.24,76684.68,76529.01,76615.83,122.9040957
1777309200,76615.84,76788.47,76611.84,76688.63,122.95283345
1777310100,76688.63,76884.15,76623.36,76815.37,92.39332006
1777311000,76815.37,76925.8,76742.4,76851.79,100.75705714
1777311900,76850.15,76889.13,76684.28,76721.22,117.65283489
1777312800,76721.22,76800.0,76656.83,76730.45,135.19891912
1777313700,76730.45,76829.02,76646.4,76678.16,107.1106414
1777314600,76672.0,76757.76,76655.62,76751.12,57.71338236
1777315500,76748.75,76886.15,76711.77,76814.01,132.26907032
1777316400,76813.05,76887.03,76711.69,76867.39,109.95725999
1777317300,76867.39,76891.94,76609.91,76609.91,131.59711345
1777318200,76608.01,76781.01,76447.51,76771.63,179.09836431
1777319100,76770.97,76887.66,76753.92,76886.0,155.112987
1777320000,76886.0,76995.83,76834.97,76895.76,101.4794836
1777320900,76895.76,77000.0,76895.76,76999.29,65.18333287
1777321800,76999.29,77075.0,76949.76,76980.74,59.24783236
1777322700,76980.74,77003.86,76930.0,76955.36,32.33638449
1777323600,76955.36,76955.36,76825.0,76884.47,44.38903552
1777324500,76884.47,76949.31,76835.7,76908.75,78.93935811
1777325400,76908.74,76983.11,76849.8,76892.17,32.38272968
1777326300,76893.05,76945.92,76777.0,76777.0,33.68536154
1777327200,76777.01,76899.83,76735.0,76849.92,76.16994132
1777328100,76849.91,76976.45,76846.08,76970.34,65.99264899
1777329000,76970.34,77038.07,76945.92,76998.22,41.57823313
1777329900,76998.22,77079.3,76998.21,77064.48,24.17831945
1777330800,77064.48,77091.99,77003.53,77033.91,40.34160341
1777331700,77033.92,77210.56,77033.91,77124.02,50.22705934
1777332600,77124.01,77306.4,77124.01,77298.13,54.27494368
1777333500,77298.01,77444.41,77279.33,77364.42,54.53940239
1777334400,77364.48,77433.6,77252.01,77318.45,59.14947469
1777335300,77318.41,77435.85,77215.81,77230.01,72.22581649
1777336200,77230.01,77478.99,77206.75,77404.58,75.18649789
1777337100,77404.57,77472.99,77288.95,77376.38,61.14595154
1777338000,77376.38,77399.69,77322.24,77345.29,22.66480402
1777338900,77345.29,77347.97,77169.0,77239.8,49.73309099
1777339800,77239.79,77239.79,77068.7,77099.64,39.38478029
1777340700,77099.64,77138.61,77031.69,77088.49,30.74377042
1777341600,77088.49,77222.39,77041.97,77157.26,33.50025476
1777342500,77157.25,77226.24,77000.01,77002.2,40.07077265
1777343400,77002.17,77036.85,76672.87,76699.01,101.72341038
1777344300,76699.01,76906.11,76673.28,76886.86,50.7696945
1777345200,76886.86,76895.99,76664.99,76764.75,63.73714453
1777346100,76764.74,76796.16,76700.01,76769.35,38.36502632
1777347000,76769.35,76848.0,76742.81,76790.68,45.94759651
1777347900,76790.67,76842.0,76779.53,76809.35,29.20024175
1777348800,76809.35,76888.52,76769.28,76886.6,52.28359223
1777349700,76886.6,76944.69,76682.09,76795.38,57.70905334
1777350600,76795.37,76884.47,76746.01,76831.0,32.59631721
1777351500,76830.99,76954.0,76830.99,76885.6,23.25894309
1777352400,76885.6,77047.19,76885.6,76960.0,97.95908013
1777353300,76960.0,77155.99,76912.29,77065.79,56.32279096
1777354200,77065.79,77076.48,76808.0,76857.89,40.04543051
1777355100,76857.9,76978.2,76850.61,76882.73,47.23552202
1777356000,76884.2,77029.4,76884.2,76998.21,40.32501892
1777356900,76998.21,77001.98,76834.57,76902.86,40.88666957
1777357800,76902.87,76942.08,76579.16,76600.97,83.72102763
1777358700,76600.96,76750.08,76584.96,76702.99,45.57513061
1777359600,76702.99,76714.07,76541.05,76553.99,55.66823658
1777360500,76553.99,76663.57,76425.0,76645.93,70.53370322
1777361400,76645.93,76873.67,76624.2,76842.94,44.46566826
1777362300,76842.94,76916.88,76764.14,76872.94,44.42162936
1777363200,76872.94,76893.59,76780.09,76845.59,60.49349148
1777364100,76845.6,76976.63,76836.36,76976.63,52.3950599
1777365000,76976.64,77003.39,76812.0,76816.0,60.23479606
1777365900,76815.99,76873.67,76737.03,76856.0,24.23681433
1777366800,76855.99,76867.44,76786.33,76826.89,32.4612847
1777367700,76826.89,76840.46,76708.69,76786.0,39.76554692
1777368600,76785.99,76785.99,76626.53,76664.64,34.30899762
1777369500,76661.52,76666.44,76477.08,76587.24,66.16026316
1777370400,76587.24,76686.47,76505.52,76506.28,44.85841628
1777371300,76506.27,76567.91,76476.35,76522.92,27.27143956
1777372200,76522.92,76617.29,76511.77,76602.79,25.13942968
1777373100,76602.8,76623.91,76544.51,76604.91,50.99094462
1777374000,76604.01,76636.56,76414.51,76443.09,119.75199026
1777374900,76440.35,76474.31,76258.26,76330.0,117.77949382
1777375800,76329.99,76337.03,76151.11,76285.15,98.54634923
1777376700,76283.83,76289.97,76106.88,76224.71,61.90587342
1777377600,76224.72,76316.03,76176.1,76266.36,76.97242257
1777378500,76266.65,76359.95,76154.12,76226.08,59.87428447
1777379400,76224.72,76319.63,76171.96,76306.52,59.33473086
1777380300,76306.51,76423.44,76285.04,76383.49,87.76235503
1777381200,76383.49,76383.49,75900.0,76141.95,142.6798231
1777382100,76141.96,76255.91,76024.69,76185.23,98.82934873
1777383000,76185.11,76362.0,76033.7,76267.0,153.25070379
1777383900,76266.99,76418.16,76020.63,76183.67,145.74084985
1777384800,76183.66,76198.05,76006.89,76065.6,52.92168043
1777385700,76065.6,76080.5,75753.6,75811.43,221.74572413
1777386600,75811.42,75898.0,75646.84,75843.91,246.92731609
1777387500,75840.97,75946.96,75669.72,75940.0,163.53002574
1777388400,75940.01,76061.83,75822.24,75975.12,114.78612201
1777389300,75975.13,76061.06,75933.45,76009.44,67.03249638
1777390200,76009.44,76046.87,75861.44,75920.03,92.30314733
1777391100,75920.03,76071.83,75900.24,76052.69,55.75291994
1777392000,76052.69,76087.34,75911.72,75996.96,107.6716214
1777392900,75998.21,76020.0,75923.09,75938.36,67.89600613
1777393800,75938.37,75994.88,75861.97,75901.68,78.20338631
1777394700,75901.67,76202.88,75861.97,76109.27,115.10613226
1777395600,76109.27,76206.06,75959.0,76016.67,128.72314745
1777396500,76016.68,76128.0,75927.75,76073.57,98.8115597
1777397400,76076.0,76250.0,76069.28,76178.04,90.7412105
1777398300,76178.03,76210.71,76097.71,76166.79,82.55922879
1777399200,76166.79,76250.0,76111.0,76123.99,79.56574517
1777400100,76123.98,76268.39,76121.76,76221.18,51.17980425
1777401000,76221.17,76241.85,76144.28,76145.0,47.0312455
1777401900,76144.29,76244.01,76126.27,76220.66,42.38494159
1777402800,76220.66,76222.54,76061.61,76076.88,48.02797609
1777403700,76076.89,76160.0,76042.42,76152.28,78.94307786
1777404600,76152.28,76317.24,76110.26,76305.8,55.42856657
1777405500,76305.81,76379.97,76250.01,76308.13,121.96704705
1777406400,76308.97,76439.98,76308.97,76387.99,53.74860987
1777407300,76387.99,76398.09,76308.01,76362.0,91.75173829
1777408200,76362.01,76436.78,76346.99,76420.35,75.446478
1777409100,76420.35,76478.33,76411.93,76461.99,117.52044895
1777410000,76461.99,76483.8,76344.22,76356.02,95.6071175
1777410900,76356.76,76380.71,76283.71,76301.0,64.82476654
1777411800,76301.0,76405.84,76292.0,76312.44,42.87855437
1777412700,76312.45,76411.57,76250.0,76349.51,40.66269736
1777413600,76349.52,76445.0,76307.64,76355.74,67.12945004
1777414500,76355.74,76371.36,76305.85,76322.36,44.56154511
1777415400,76322.36,76358.88,76271.52,76281.58,37.41782642
1777416300,76281.58,76288.86,76206.01,76229.8,34.45184959
1777417200,76229.8,76330.77,76174.8,76327.2,44.42431256
1777418100,76327.2,76350.68,76245.7,76265.99,33.94488152
1777419000,76266.0,76295.0,76237.2,76280.82,43.07813129
1777419900,76280.81,76366.67,76280.81,76317.99,41.84185964
1777420800,76317.99,76377.65,76285.13,76312.39,48.02639592
1777421700,76312.39,76336.51,76251.1,76297.99,51.14813116
1777422600,76297.99,76411.67,76271.52,76380.39,53.17854432
1777423500,76380.39,76549.19,76371.37,76502.35,64.16862625
1777424400,76502.36,76528.0,76287.0,76343.7,74.6302612
1777425300,76343.7,76386.96,76191.71,76208.31,57.12197432
1777426200,76209.93,76401.39,76163.99,76390.32,54.66966937
1777427100,76390.32,76655.28,76374.48,76552.31,89.44327449
1777428000,76552.31,76644.36,76489.5,76534.37,43.03794747
1777428900,76534.37,76549.2,76431.02,76440.45,30.32231781
1777429800,76440.46,76456.0,76380.73,76411.92,29.12493746
1777430700,76411.92,76517.02,76411.92,76509.27,21.92015577
1777431600,76509.27,76612.35,76496.18,76612.27,19.94661034
1777432500,76612.27,76887.29,76606.93,76867.99,153.74222529
1777433400,76867.99,77117.03,76783.67,77060.91,172.26513672
1777434300,77060.91,77076.27,76926.73,76987.27,65.60395983
1777435200,76987.27,77008.83,76866.67,76910.79,33.29069324
1777436100,76909.99,77050.98,76909.99,77028.9,59.36975924
1777437000,77028.9,77447.18,77007.84,77309.53,215.38635926
1777437900,77307.43,77369.75,77232.1,77260.57,98.52731199
